{
    "BoundingSphere": {
        "W": 0.01,
        "X": 0,
        "Y": 0,
        "Z": 0
    },
    "Name": "model.blob.json",
    "Positions": {
        "CTD": {
            "Position": {
                "W": 0,
                "X": 0.015973292291164398,
                "Y": 3.011927560692129e-07,
                "Z": 0.016807442530989647
            },
            "Rotation": {
                "S": 0.4748293161392212,
                "X": -9.483098983764648e-05,
                "Y": 0.8800779581069946,
                "Z": 5.0961971282958984e-05
            }
        },
        "CTD2": {
            "Position": {
                "W": 0,
                "X": 0.04601530358195305,
                "Y": 1.2025293472106569e-07,
                "Z": 0.0020279556047171354
            },
            "Rotation": {
                "S": 0.20264607667922974,
                "X": 1.296401023864746e-06,
                "Y": 0.9792520403862,
                "Z": -2.2649765014648438e-06
            }
        }
    },
    "Rules": [
        {
            "ChildName": "CTD2",
            "CollisionCompensation": 0.8,
            "CollisionDetection": true,
            "ComputeWithSpineWeights": true,
            "DistanceDistribution": 1,
            "ElementRotationType": 0,
            "ElementsSequence": "",
            "GroupName": "",
            "Id": 3,
            "MaxCount": 1,
            "MaxErrors": 50,
            "Name": "(model.blob.json)+(CTD2)",
            "NormalSide": 0,
            "ParentName": "model.blob.json",
            "PitchStd": 0,
            "Positions": [
            ],
            "Probability": 1,
            "RelationPolicy": 1,
            "Relations": [
                {
                    "ClosestIndex": 2,
                    "Distance": 1.2025293472106569e-07,
                    "Params": {
                        "W": 0,
                        "X": 0.48,
                        "Y": 0.26,
                        "Z": 0
                    },
                    "PivotsDistance": 0,
                    "Probability": 1,
                    "Rotation": {
                        "S": 0.20264607667922974,
                        "X": 1.296401023864746e-06,
                        "Y": 0.9792520403862,
                        "Z": -2.2649765014648438e-06
                    },
                    "StandardDeviation": 0
                }
            ],
            "RollStd": 0,
            "Type": 4,
            "YawStd": 0
        },
        {
            "ChildName": "NTD",
            "CollisionCompensation": 0.4,
            "CollisionDetection": true,
            "ComputeWithSpineWeights": true,
            "DistanceDistribution": 1,
            "ElementRotationType": 0,
            "ElementsSequence": "",
            "GroupName": "",
            "Id": 2,
            "MaxCount": 0,
            "MaxErrors": 5,
            "Name": "(CTD2)+(NTD)",
            "NormalSide": 0,
            "ParentName": "CTD2",
            "PitchStd": 0,
            "Positions": [
            ],
            "Probability": 1,
            "RelationPolicy": 1,
            "Relations": [
                {
                    "ClosestIndex": -1,
                    "Distance": 0,
                    "PivotsDistance": 0,
                    "Probability": 1,
                    "Rotation": {
                        "S": -0.01343238353729248,
                        "X": -0.34317272901535034,
                        "Y": 0.9048321843147278,
                        "Z": 0.2516559958457947
                    },
                    "StandardDeviation": 0,
                    "Translation": {
                        "W": 0,
                        "X": -0.0054531157948076725,
                        "Y": 0.010851512663066387,
                        "Z": 0.0041700382716953754
                    }
                },
                 {
                    "ClosestIndex": -1,
                    "Distance": 0,
                    "PivotsDistance": 0,
                    "Probability": 1,
                    "Rotation": {
                        "S": -0.21727633476257324,
                        "X": 0.489457368850708,
                        "Y": 0.8361884355545044,
                        "Z": -0.11836987733840942
                    },
                    "StandardDeviation": 0,
                    "Translation": {
                        "W": 0,
                        "X": 0.005852548733353615,
                        "Y": 0,
                        "Z": -0.0092636882066726685
                    }
                }
            ],
            "RollStd": 0,
            "Type": 1,
            "YawStd": 0
        },
        {
            "ChildName": "CTD",
            "CollisionCompensation": 0.800000011920929,
            "CollisionDetection": true,
            "ComputeWithSpineWeights": true,
            "DistanceDistribution": 1,
            "ElementRotationType": 2,
            "ElementsSequence": "",
            "GroupName": "",
            "Id": 1,
            "MaxCount": 4,
            "MaxErrors": 50,
            "Name": "(model.blob.json)+(CTD)",
            "NormalSide": 0,
            "ParentName": "model.blob.json",
            "PitchStd": 0,
            "Positions": [
            ],
            "Probability": 1,
            "RelationPolicy": 1,
            "Relations": [
                {
                    "ClosestIndex": 1,
                    "Distance": 3.011073204106651e-07,
                    "Params": {
                        "W": 0,
                        "X": 0.7763023376464844,
                        "Y": 0.11270835995674133,
                        "Z": 0
                    },
                    "PivotsDistance": 0,
                    "Probability": 1,
                    "Rotation": {
                        "S": 0.8800779581069946,
                        "X": -3.5762786865234375e-07,
                        "Y": -0.4748293161392212,
                        "Z": 1.7881393432617188e-07
                    },
                    "StandardDeviation": 0
                }
            ],
            "RollStd": 0,
            "Type": 4,
            "YawStd": 0
        },
		{
            "ChildName": "NTD",
            "CollisionCompensation": 0.4,
            "CollisionDetection": true,
            "ComputeWithSpineWeights": true,
            "DistanceDistribution": 1,
            "ElementRotationType": 0,
            "ElementsSequence": "",
            "GroupName": "",
            "Id": 2,
            "MaxCount": 0,
            "MaxErrors": 5,
            "Name": "(CTD)+(NTD)",
            "NormalSide": 0,
            "ParentName": "CTD",
            "PitchStd": 0,
            "Positions": [
            ],
            "Probability": 1,
            "RelationPolicy": 1,
            "Relations": [
                {
                    "ClosestIndex": -1,
                    "Distance": 0,
                    "PivotsDistance": 0,
                    "Probability": 1,
                    "Rotation": {
                        "S": -0.01343238353729248,
                        "X": -0.34317272901535034,
                        "Y": 0.9048321843147278,
                        "Z": 0.2516559958457947
                    },
                    "StandardDeviation": 0,
                    "Translation": {
                        "W": 0,
                        "X": -0.0054531157948076725,
                        "Y": 0.010851512663066387,
                        "Z": 0.0041700382716953754
                    }
                },
                {
                    "ClosestIndex": -1,
                    "Distance": 0,
                    "PivotsDistance": 0,
                    "Probability": 1,
                    "Rotation": {
                        "S": 0.269789457321167,
                        "X": 0.42547130584716797,
                        "Y": 0.8603681325912476,
                        "Z": 0.07716536521911621
                    },
                    "StandardDeviation": 0,
                    "Translation": {
                        "W": 0,
                        "X": 0.008378489874303341,
                        "Y": 0.0004996275529265404,
                        "Z": 2.151518128812313e-05
                    }
                }
            ],
            "RollStd": 0,
            "Type": 1,
            "YawStd": 0
        }
    ],
    "Spine": {
        "Name": "PolygonSkeleton",
        "Params": {
            "W": 5,
            "X": 0.023,
            "Y": 0,
            "Z": 0
        },
        "Rotation": {
            "S": 1,
            "X": 0,
            "Y": 0,
            "Z": 0
        },
        "Translation": {
            "W": 0,
            "X": 0,
            "Y": 0,
            "Z": 0
        }
    }
}
