[
    {
        "boundingSphere": {
            "W": 0.013799999840557575,
            "X": -0.002746530110016465,
            "Y": -0.03686559945344925,
            "Z": -0.003999949898570776
        },
        "color": {
            "X": 1,
            "Y": 0.299019992351532,
            "Z": 0.32499998807907104
        },
        "name": "S",
        "path": "",
        "rotation": {
            "S": -0.16864532232284546,
            "X": -0.1497887820005417,
            "Y": -0.7060539722442627,
            "Z": 0.671274721622467
        },
        "source": {
            "pdb": "s",
            "transform": {
                "center": true
            }
        }
    },
    {
        "boundingSphere": {
            "W": 0.01644190028309822,
            "X": -1.1340199534970452e-06,
            "Y": 0.002170500112697482,
            "Z": -1.9435900000530637e-08
        },
        "color": {
            "X": 0.17248199880123138,
            "Y": 0.17250899970531464,
            "Z": 0.475490003824234
        },
        "name": "E",
        "path": "",
        "rotation": {
            "S": 0.6291442513465881,
            "X": -0.7566483020782471,
            "Y": 0.13682018220424652,
            "Z": -0.11375638097524643
        },
        "source": {
            "pdb": "e",
            "transform": {
                "center": true
            }
        }
    },
    {
        "boundingSphere": {
            "W": 0,
            "X": 0,
            "Y": 0,
            "Z": 0
        },
        "color": {
            "X": 1,
            "Y": 1,
            "Z": 0
        },
        "name": "BP",
        "path": "",
        "rotation": {
            "S": 1,
            "X": 0,
            "Y": 0,
            "Z": 0
        },
        "source": {
            "pdb": "bp",
            "transform": {
                "center": true
            }
        }
    },
    {
        "boundingSphere": {
            "W": 0.0020000000949949026,
            "X": -0.00027652899734675884,
            "Y": -0.0039442298002541065,
            "Z": -0.0003107750089839101
        },
        "color": {
            "X": 0.7474049925804138,
            "Y": 0.7474049925804138,
            "Z": 0.7941179871559143
        },
        "name": "FLUID CUT SINGLE",
        "path": "",
        "rotation": {
            "S": 1,
            "X": 0,
            "Y": 0,
            "Z": 0
        },
        "source": {
            "pdb": "fluid_cut_single",
            "transform": {
                "center": true
            }
        },
		"type": "Lipid"
    },
    {
        "boundingSphere": {
            "W": 0.0020000000949949026,
            "X": 0.00028271498740650713,
            "Y": -0.0043511101976037025,
            "Z": 0.00029863399686291814
        },
        "color": {
            "X": 0.7408689856529236,
            "Y": 0.7408689856529236,
            "Z": 0.8039219975471497
        },
        "name": "CRYSTALL CUT SINGLE",
        "path": "",
        "rotation": {
            "S": 1,
            "X": 0,
            "Y": 0,
            "Z": 0
        },
        "source": {
            "pdb": "crystall_cut_single",
            "transform": {
                "center": true
            }
        },
		"type": "Lipid"
    },
    {
        "boundingSphere": {
            "W": 0.0020000000949949026,
            "X": 0,
            "Y": 0,
            "Z": 0
        },
        "color": {
            "X": 0.9705880284309387,
            "Y": 0.9705849885940552,
            "Z": 0.9705780148506165
        },
        "name": "A",
        "path": "",
        "rotation": {
            "S": 0.11543215811252594,
            "X": -0.7691777944564819,
            "Y": -0.012763530015945435,
            "Z": 0.6283931732177734
        },
        "source": {
            "pdb": "a",
            "transform": {
                "center": true
            }
        },
		"type": "RNA"
    },
    {
        "boundingSphere": {
            "W": 0.0020000000949949026,
            "X": 0,
            "Y": 0,
            "Z": 0
        },
        "color": {
            "X": 0.9705880284309387,
            "Y": 0.9705849885940552,
            "Z": 0.9705780148506165
        },
        "name": "U",
        "path": "",
        "rotation": {
            "S": 0.9595499038696289,
            "X": -0.2572817802429199,
            "Y": -0.016764521598815918,
            "Z": 0.11308833956718445
        },
        "source": {
            "pdb": "u",
            "transform": {
                "center": true
            }
        },
		"type": "RNA"
    },
    {
        "boundingSphere": {
            "W": 0.0020000000949949026,
            "X": 0,
            "Y": 0,
            "Z": 0
        },
        "color": {
            "X": 0.9705880284309387,
            "Y": 0.9705849885940552,
            "Z": 0.9705780148506165
        },
        "name": "C",
        "path": "",
        "rotation": {
            "S": 0.9904559254646301,
            "X": 0.03305262327194214,
            "Y": 0.010389000177383423,
            "Z": -0.13340404629707336
        },
        "source": {
            "pdb": "c",
            "transform": {
                "center": true
            }
        },
		"type": "RNA"
    },
    {
        "boundingSphere": {
            "W": 0.0020000000949949026,
            "X": 0,
            "Y": 0,
            "Z": 0
        },
        "color": {
            "X": 0.9705880284309387,
            "Y": 0.9705849885940552,
            "Z": 0.9705780148506165
        },
        "name": "G",
        "path": "",
        "rotation": {
            "S": 0.6561970710754395,
            "X": -0.629172682762146,
            "Y": 0.17260734736919403,
            "Z": 0.3791487514972687
        },
        "source": {
            "pdb": "g",
            "transform": {
                "center": true
            }
        },
		"type": "RNA"
    },
    {
        "boundingSphere": {
            "W": 0.0020000000949949026,
            "X": 0,
            "Y": 0,
            "Z": 0
        },
        "color": {
            "X": 0.9705880284309387,
            "Y": 0.9705849885940552,
            "Z": 0.9705780148506165
        },
        "name": "P",
        "path": "",
        "rotation": {
            "S": 0.47983646392822266,
            "X": -0.3110394775867462,
            "Y": -0.6461070775985718,
            "Z": -0.505526602268219
        },
        "source": {
            "pdb": "p",
            "transform": {
                "center": true
            }
        },
		"type": "RNA"
    },
    {
        "boundingSphere": {
            "W": 0,
            "X": 0,
            "Y": 0,
            "Z": 0
        },
        "color": {
            "X": 0.7254899740219116,
            "Y": 0.6941180229187012,
            "Z": 0.9058820009231567
        },
        "name": "CTD",
        "path": "",
        "rotation": {
            "S": 1,
            "X": 0,
            "Y": 0,
            "Z": 0
        },
        "source": {
            "pdb": "ctd",
            "transform": {
                "center": true
            }
        }
    },
    {
        "boundingSphere": {
            "W": 0.005028840154409409,
            "X": 0.001343879965133965,
            "Y": 0.0009119239985011518,
            "Z": 7.450580152834618e-09
        },
        "color": {
            "X": 0.8307949900627136,
            "Y": 0.819491982460022,
            "Z": 0.9607840180397034
        },
        "name": "NTD",
        "path": "",
        "rotation": {
            "S": 1,
            "X": 0,
            "Y": 0,
            "Z": 0
        },
        "source": {
            "pdb": "ntd",
            "transform": {
                "center": true
            }
        }
    },
    {
        "boundingSphere": {
            "W": 0.0020000000949949026,
            "X": 0,
            "Y": 0,
            "Z": 0
        },
        "color": {
            "X": 0.7122259736061096,
            "Y": 0.7155140042304993,
            "Z": 0.7450979948043823
        },
        "name": "FLUID CUT SINGLE 2",
        "path": "",
        "rotation": {
            "S": 1,
            "X": 0,
            "Y": 0,
            "Z": 0
        },
        "source": {
            "pdb": "fluid_cut_single2",
            "transform": {
                "center": true
            }
        },
		"type": "Lipid"
    },
    {
        "boundingSphere": {
            "W": 0.0020000000949949026,
            "X": 0,
            "Y": 0,
            "Z": 0
        },
        "color": {
            "X": 0.7205880284309387,
            "Y": 0.7205889821052551,
            "Z": 0.75
        },
        "name": "CRYSTALL CUT SINGLE 2",
        "path": "",
        "rotation": {
            "S": 1,
            "X": 0,
            "Y": 0,
            "Z": 0
        },
        "source": {
            "pdb": "crystall_cut_single2",
            "transform": {
                "center": true
            }
        },
		"type": "Lipid"
    },
    {
        "boundingSphere": {
            "W": 0.023199699819087982,
            "X": 0,
            "Y": 0,
            "Z": 0
        },
        "color": {
            "X": 0.009803949855268002,
            "Y": 1,
            "Z": 1
        },
        "name": "S point",
        "path": "",
        "rotation": {
            "S": 1,
            "X": 0,
            "Y": 0,
            "Z": 0
        },
        "source": {
            "pdb": "spoint",
            "transform": {
                "center": true
            }
        }
    },
    {
        "boundingSphere": {
            "W": 0.013437299989163876,
            "X": -0.002193417865782976,
            "Y": -0.03348160162568092,
            "Z": -0.00047973915934562683
        },
        "color": {
            "X": 1,
            "Y": 0.4990200102329254,
            "Z": 0.32499998807907104
        },
        "name": "S open",
        "path": "",
        "rotation": {
            "S": 0.7018110156059265,
            "X": 0.7123630046844482,
            "Y": 0,
            "Z": 0
        },
        "source": {
            "pdb": "so",
            "transform": {
                "center": true
            }
        }
    },
    {
        "boundingSphere": {
            "W": 0.009790530428290367,
            "X": 1.5238199591038892e-10,
            "Y": -0.0059814900159835815,
            "Z": 0
        },
        "color": {
            "X": 0.4382930099964142,
            "Y": 0.45281198620796204,
            "Z": 0.9313730001449585
        },
        "name": "MD",
        "path": "",
        "rotation": {
            "S": 0.7018589973449707,
            "X": -7.152560215217818e-07,
            "Y": -1.311300025008677e-06,
            "Z": 0.712315022945404
        },
        "source": {
            "pdb": "md",
            "transform": {
                "center": true
            }
        }
    },
    {
        "boundingSphere": {
            "W": 0,
            "X": 0,
            "Y": 0,
            "Z": 0
        },
        "color": {
            "X": 0.807843029499054,
            "Y": 0.7254899740219116,
            "Z": 0.9725490212440491
        },
        "name": "CTD2",
        "path": "",
        "rotation": {
            "S": 1,
            "X": 0,
            "Y": 0,
            "Z": 0
        },
        "source": {
            "pdb": "ctd2",
            "transform": {
                "center": true
            }
        }
    },
    {
        "boundingSphere": {
            "W": 0.013000000268220901,
            "X": -0.0018913989188149571,
            "Y": -0.0330909825861454,
            "Z": -0.004122059792280197
        },
        "color": {
            "X": 0.9215689897537231,
            "Y": 0.22352899610996246,
            "Z": 0.23529399931430817
        },
        "name": "S closed",
        "path": "",
        "rotation": {
            "S": 0.700547456741333,
            "X": 0.7136054635047913,
            "Y": 2.4194105208152905e-07,
            "Z": -2.6490369009479764e-07
        },
        "source": {
            "pdb": "sc",
            "transform": {
                "center": true
            }
        }
    },
    {
        "boundingSphere": {
            "W": 0.012918757274746895,
            "X": -0.0002697184681892395,
            "Y": -0.014324717223644257,
            "Z": 0
        },
        "color": {
            "X": 0.8901960253715515,
            "Y": 0.8627449870109558,
            "Z": 0.035294100642204285
        },
        "name": "S postfusion",
        "path": "",
        "rotation": {
            "S": 0.708748996257782,
            "X": 0.7054610252380371,
            "Y": 0,
            "Z": 0
        },
        "source": {
            "pdb": "sp2",
            "transform": {
                "center": true
            }
        }
    }
]
