{
    "BoundingSphere": {
        "W": 0.0010000000474974513,
        "X": 0,
        "Y": 0,
        "Z": 0
    },
    "Name": "model.rna-polyline.json",
    "Positions": {
        "model.rna-backbone.json": {
            "Position": {
                "W": 0,
                "X": -0.024145398288965225,
                "Y": 0.0011998839909210801,
                "Z": -0.00041679907008074224
            },
            "Rotation": {
                "S": 0.7072080969810486,
                "X": 0.0012854468077421188,
                "Y": 0.2319914549589157,
                "Z": 0.6678585410118103
            }
        }
    },
    "Rules": [
        {
            "ChildName": "model.rna-backbone.json",
            "CollisionCompensation": 1,
            "CollisionDetection": true,
            "ComputeWithSpineWeights": true,
            "DistanceDistribution": 1,
            "ElementRotationType": 2,
            "ElementsSequence": "",
            "GroupName": "",
            "Id": 5,
            "MaxCount": 30,
            "MaxErrors": 50,
            "Name": "(model.rna-backbone.json)+(model.rna-backbone.json)",
            "NormalSide": 0,
            "ParentName": "model.rna-backbone.json",
            "PitchStd": 0,
            "Positions": [
            ],
            "Probability": 1,
            "RelationPolicy": 1,
            "Relations": [
                {
                    "ClosestIndex": -1,
                    "Distance": 0.0012702137464657426,
                    "LatLon": {
                        "S": 0.8286559581756592,
                        "X": -0.16580906510353088,
                        "Y": 0.3169236481189728,
                        "Z": 0.4305763840675354
                    },
                    "Probability": 1,
                    "Rotation": {
                        "S": 0.9481031894683838,
                        "X": 4.172325134277344e-07,
                        "Y": 0.31796300411224365,
                        "Z": -3.5762786865234375e-07
                    },
                    "StandardDeviation": 0,
                    "Translation": {
                        "W": 0,
                        "Y": 0.00019007211085408926,
                        "X": 0.002463795244693756,
                        "Z": -0.0008001565001904964
                    }
                }
            ],
            "RollStd": 0,
            "Type": 2,
            "YawStd": 0
        }
    ],
    "Spine": {
        "Name": "PolyLineSpine",
        "Params": {
            "W": 0,
            "X": 0.10000000149011612,
            "Y": 0,
            "Z": 0
        },
        "Rotation": {
            "S": 1,
            "X": 0,
            "Y": 0,
            "Z": 0
        },
        "Translation": {
            "W": 0,
            "X": 0,
            "Y": 0,
            "Z": 0
        }
    }
}
