{
    "BoundingSphere": {
        "W": 1.000000013351432e-10,
        "X": 0,
        "Y": 0,
        "Z": 0
    },
    "Name": "model.mesh-Spost.json",
    "Positions": {
        "S": {
            "Position": {
                "W": 0,
                "X": -0.02237088605761528,
                "Y": 0.02102431282401085,
                "Z": 0.022232353687286377
            },
            "Rotation": {
                "S": 0.5192480087280273,
                "X": 1.6763806343078613e-08,
                "Y": 0.854623556137085,
                "Z": 2.3283064365386963e-08
            }
        }
    },
    "Rules": [
        {
            "ChildName": "SP2",
            "CollisionCompensation": 1.6,
            "CollisionDetection": true,
            "ComputeWithSpineWeights": true,
            "DistanceDistribution": 1,
            "ElementRotationType": 3,
            "ElementsSequence": "",
            "GroupName": "",
            "Id": 1,
            "MaxCount": 2,
            "MaxErrors": 50,
            "Name": "(model.mesh-Spost.json)+(SP2)",
            "NormalSide": 0,
            "ParentName": "model.mesh-Spost.json",
            "PitchStd": 180,
            "Positions": [
            ],
            "Probability": 1,
            "RelationPolicy": 1,
            "Relations": [
                {
                    "ClosestIndex": -1,
                    "Distance": 0.005,
                    "Params": {
                        "W": 516,
                        "X": 0.6961625218391418,
                        "Y": 0.24008850753307343,
                        "Z": 0
                    },
                    "PivotsDistance": 0,
                    "Probability": 1,
                    "Rotation": {
                        "S": 0.6743807792663574,
                        "X": -0.7310476899147034,
                        "Y": 0.07467794418334961,
                        "Z": -0.07213165611028671
                    },
                    "StandardDeviation": 0
                }
            ],
            "RollStd": 0,
            "Type": 0,
            "YawStd": 0
        }
    ],
    "Spine": {
        "Name": "CustomTriangleSkeleton",
        "Params": {
            "W": 0,
            "X": 0.10000000149011612,
            "Y": 0,
            "Z": 0
        },
        "Rotation": {
            "S": 1,
            "X": 0,
            "Y": 0,
            "Z": 0
        },
        "Translation": {
            "W": 0,
            "X": 0,
            "Y": 0,
            "Z": 0
        }
    }
}
