{
    "BoundingSphere": {
        "W": 9.999999960041972e-12,
        "X": 0,
        "Y": 0,
        "Z": 0
    },
    "Name": "model.mesh-Mdimer.json",
    "Positions": {
        "M": {
            "Position": {
                "W": 0,
                "X": 0.01879308559000492,
                "Y": -0.01300000213086605,
                "Z": 0.0017394392052665353
            },
            "Rotation": {
                "S": -5.960464477539063e-08,
                "X": -0.8728770613670349,
                "Y": -5.960464477539063e-08,
                "Z": 0.4879402816295624
            }
        }
    },
    "Rules": [
        {
            "ChildName": "MD",
            "CollisionCompensation": 0.6,
            "CollisionDetection": true,
            "ComputeWithSpineWeights": false,
            "DistanceDistribution": 1,
            "ElementRotationType": 3,
            "ElementsSequence": "",
            "GroupName": "",
            "Id": 2,
            "MaxCount": 1000,
            "MaxErrors": 100,
            "Name": "(model.mesh-Mdimer.json)+(MD)",
            "NormalSide": 1,
            "ParentName": "model.mesh-Mdimer.json",
            "PitchStd": 180,
            "Positions": [
            ],
            "Probability": 1,
            "RelationPolicy": 1,
            "Relations": [
                {
                    "ClosestIndex": -1,
                    "Distance": 0.013000000268220901,
                    "Params": {
                        "W": 516,
                        "X": 0.6711167097091675,
                        "Y": 0.2372310310602188,
                        "Z": 0
                    },
                    "PivotsDistance": 0,
                    "Probability": 1,
                    "Rotation": {
                        "S": 0.6472170948982239,
                        "X": 0.2461378574371338,
                        "Y": 0.23796147108078003,
                        "Z": -0.681102454662323
                    },
                    "StandardDeviation": 0
                }
            ],
            "RollStd": 0,
            "Type": 0,
            "YawStd": 0
        }
    ],
    "Spine": {
        "Name": "CustomTriangleSkeleton",
        "Params": {
            "W": 0,
            "X": 0.10000000149011612,
            "Y": 0,
            "Z": 0
        },
        "Rotation": {
            "S": 1,
            "X": 0,
            "Y": 0,
            "Z": 0
        },
        "Translation": {
            "W": 0,
            "X": 0,
            "Y": 0,
            "Z": 0
        }
    }
}
