{
    "BoundingSphere": {
        "W": 9.999999974752427e-07,
        "X": 0,
        "Y": 0,
        "Z": 0
    },
    "Name": "model.mesh-E.json",
    "Positions": {
        "E": {
            "Position": {
                "W": 0,
                "X": -0.032907720655202866,
                "Y": -0.006432383321225643,
                "Z": -0.06828679889440536
            },
            "Rotation": {
                "S": 7.55971996113658e-09,
                "X": 1.862645149230957e-09,
                "Y": -2.491287887096405e-08,
                "Z": 0.9999999403953552
            }
        }
    },
    "Rules": [
        {
            "ChildName": "E",
            "CollisionCompensation": 3,
            "CollisionDetection": true,
            "ComputeWithSpineWeights": false,
            "DistanceDistribution": 1,
            "ElementRotationType": 3,
            "ElementsSequence": "",
            "GroupName": "",
            "Id": 3,
            "MaxCount": 25,
            "MaxErrors": 50,
            "Name": "(model.mesh-E.json)+(E)",
            "NormalSide": 1,
            "ParentName": "model.mesh-E.json",
            "PitchStd": 0,
            "Positions": [
            ],
            "Probability": 1,
            "RelationPolicy": 1,
            "Relations": [
                {
                    "ClosestIndex": -1,
                    "Distance": 0.006432377267628908,
                    "Params": {
                        "W": 516,
                        "X": 0.6961625218391418,
                        "Y": 0.24008850753307343,
                        "Z": 0
                    },
                    "PivotsDistance": 0,
                    "Probability": 1,
                    "Rotation": {
                        "S": 0,
                        "X": 0,
                        "Y": 0,
                        "Z": 1
                    },
                    "StandardDeviation": 0
                }
            ],
            "RollStd": 0,
            "Type": 0,
            "YawStd": 0
        }
    ],
    "Spine": {
        "Name": "CustomTriangleSkeleton",
        "Params": {
            "W": 0,
            "X": 0.10000000149011612,
            "Y": 0,
            "Z": 0
        },
        "Rotation": {
            "S": 1,
            "X": 0,
            "Y": 0,
            "Z": 0
        },
        "Translation": {
            "W": 0,
            "X": 0,
            "Y": 0,
            "Z": 0
        }
    }
}
