{
    "BoundingSphere": {
        "W": 1.000000082740371e-07,
        "X": 0,
        "Y": 0,
        "Z": 0
    },
    "Name": "model.lipids.inner.json",
    "Positions": {
        "CRYSTALL_CUT_SINGLE": {
            "Position": {
                "W": 0,
                "X": -0.02560649812221527,
                "Y": -0.012632678262889385,
                "Z": 0.06584122031927109
            },
            "Rotation": {
                "S": -0.05983555316925049,
                "X": 0.5931837558746338,
                "Y": 0.08784037828445435,
                "Z": 0.7980204820632935
            }
        },
        "FLUID_CUT_SINGLE": {
            "Position": {
                "W": 0,
                "X": -0.04336056858301163,
                "Y": -0.013393700122833252,
                "Z": -0.07691168785095215
            },
            "Rotation": {
                "S": 0.06278640031814575,
                "X": 0.9701220393180847,
                "Y": 0.034621745347976685,
                "Z": 0.2317812740802765
            }
        }
    },
    "Rules": [
        {
            "ChildName": "FLUID_CUT_SINGLE",
            "CollisionCompensation": 0.42,
            "CollisionDetection": true,
            "ComputeWithSpineWeights": true,
            "DistanceDistribution": 1,
            "ElementRotationType": 3,
            "ElementsSequence": "",
            "GroupName": "inner",
            "Id": 7,
            "MaxCount": 500,
            "MaxErrors": 400,
            "Name": "inner(CRYSTALL_CUT_SINGLE)+(FLUID_CUT_SINGLE)",
            "NormalSide": 1,
            "ParentName": "CRYSTALL_CUT_SINGLE",
            "PitchStd": 180,
            "Positions": [
            ],
            "Probability": 1,
            "RelationPolicy": 1,
            "Relations": [
                {
                    "ClosestIndex": -1,
                    "Distance": 0.012906800955533981,
                    "PivotsDistance": 0.0034558798652142286,
                    "Probability": 0.19371402263641357,
                    "StandardDeviation": 0.0005694295978173614,
                    "Translation": {
                        "W": 0,
                        "X": -0.0028923347126692533,
                        "Y": -4.481058567762375e-06,
                        "Z": -0.0018914263928309083
                    }
                },
                {
                    "ClosestIndex": -1,
                    "Distance": 0.012890147045254707,
                    "PivotsDistance": 0.0032460622023791075,
                    "Probability": 0.21325089037418365,
                    "StandardDeviation": 0.0005702604539692402,
                    "Translation": {
                        "W": 0,
                        "X": -0.002887323498725891,
                        "Y": -4.481058567762375e-06,
                        "Z": 0.0014833287568762898
                    }
                },
                {
                    "ClosestIndex": -1,
                    "Distance": 0.01294010877609253,
                    "PivotsDistance": 0.0037394147366285324,
                    "Probability": 0.20158283412456512,
                    "StandardDeviation": 0.0004895068123005331,
                    "Translation": {
                        "W": 0,
                        "X": 0.00215337797999382,
                        "Y": -4.481058567762375e-06,
                        "Z": 0.0030571501702070236
                    }
                },
                {
                    "ClosestIndex": -1,
                    "Distance": 0.013006724417209625,
                    "PivotsDistance": 0.003900387091562152,
                    "Probability": 0.19769355654716492,
                    "StandardDeviation": 0.0004491300496738404,
                    "Translation": {
                        "W": 0,
                        "X": 0.003891316009685397,
                        "Y": -4.481058567762375e-06,
                        "Z": 0.0002659185556694865
                    }
                },
                {
                    "ClosestIndex": -1,
                    "Distance": 0.012973416596651077,
                    "PivotsDistance": 0.0029115532524883747,
                    "Probability": 0.1937587410211563,
                    "StandardDeviation": 0.0007325984770432115,
                    "Translation": {
                        "W": 0,
                        "X": 0.0016204437706619501,
                        "Y": -4.481058567762375e-06,
                        "Z": -0.002418947871774435
                    }
                }
            ],
            "RollStd": 8,
            "Type": 2,
            "YawStd": 9
        },
        {
            "ChildName": "CRYSTALL_CUT_SINGLE",
            "CollisionCompensation": 0.42,
            "CollisionDetection": true,
            "ComputeWithSpineWeights": true,
            "DistanceDistribution": 1,
            "ElementRotationType": 3,
            "ElementsSequence": "",
            "GroupName": "inner",
            "Id": 8,
            "MaxCount": 500,
            "MaxErrors": 400,
            "Name": "inner(FLUID_CUT_SINGLE)+(CRYSTALL_CUT_SINGLE)",
            "NormalSide": 1,
            "ParentName": "FLUID_CUT_SINGLE",
            "PitchStd": 180,
            "Positions": [
            ],
            "Probability": 1,
            "RelationPolicy": 1,
            "Relations": [
                {
                    "ClosestIndex": -1,
                    "Distance": 0.012740518897771835,
                    "PivotsDistance": 0.0034558798652142286,
                    "Probability": 0.19371402263641357,
                    "StandardDeviation": 0.0005694295978173614,
                    "Translation": {
                        "W": 0,
                        "X": -0.0028923347126692533,
                        "Y": -4.481058567762375e-06,
                        "Z": -0.0018914263928309083
                    }
                },
                {
                    "ClosestIndex": -1,
                    "Distance": 0.012773568741977215,
                    "PivotsDistance": 0.0032460622023791075,
                    "Probability": 0.21325089037418365,
                    "StandardDeviation": 0.0005702604539692402,
                    "Translation": {
                        "W": 0,
                        "X": -0.002887323498725891,
                        "Y": -4.481058567762375e-06,
                        "Z": 0.0014833287568762898
                    }
                },
                {
                    "ClosestIndex": -1,
                    "Distance": 0.012723994441330433,
                    "PivotsDistance": 0.0037394147366285324,
                    "Probability": 0.20158283412456512,
                    "StandardDeviation": 0.0004895068123005331,
                    "Translation": {
                        "W": 0,
                        "X": 0.00215337797999382,
                        "Y": -4.481058567762375e-06,
                        "Z": 0.0030571501702070236
                    }
                },
                {
                    "ClosestIndex": -1,
                    "Distance": 0.012757044285535812,
                    "PivotsDistance": 0.003900387091562152,
                    "Probability": 0.19769355654716492,
                    "StandardDeviation": 0.0004491300496738404,
                    "Translation": {
                        "W": 0,
                        "X": 0.003891316009685397,
                        "Y": -4.481058567762375e-06,
                        "Z": 0.0002659185556694865
                    }
                },
                {
                    "ClosestIndex": -1,
                    "Distance": 0.012872716411948204,
                    "PivotsDistance": 0.0029115532524883747,
                    "Probability": 0.1937587410211563,
                    "StandardDeviation": 0.0007325984770432115,
                    "Translation": {
                        "W": 0,
                        "X": 0.0016204437706619501,
                        "Y": -4.481058567762375e-06,
                        "Z": -0.002418947871774435
                    }
                }
            ],
            "RollStd": 8,
            "Type": 2,
            "YawStd": 9
        },
        {
            "ChildName": "CRYSTALL_CUT_SINGLE",
            "CollisionCompensation": 0.42,
            "CollisionDetection": true,
            "ComputeWithSpineWeights": true,
            "DistanceDistribution": 1,
            "ElementRotationType": 3,
            "ElementsSequence": "",
            "GroupName": "inner",
            "Id": 9,
            "MaxCount": 500,
            "MaxErrors": 400,
            "Name": "inner(CRYSTALL_CUT_SINGLE)+(CRYSTALL_CUT_SINGLE)",
            "NormalSide": 1,
            "ParentName": "CRYSTALL_CUT_SINGLE",
            "PitchStd": 180,
            "Positions": [
            ],
            "Probability": 1,
            "RelationPolicy": 1,
            "Relations": [
                {
                    "ClosestIndex": -1,
                    "Distance": 0.012870389968156815,
                    "PivotsDistance": 0.0034558798652142286,
                    "Probability": 0.19371402263641357,
                    "StandardDeviation": 0.0005694295978173614,
                    "Translation": {
                        "W": 0,
                        "X": -0.0028923347126692533,
                        "Y": -4.481058567762375e-06,
                        "Z": -0.0018914263928309083
                    }
                },
                {
                    "ClosestIndex": -1,
                    "Distance": 0.012870389968156815,
                    "PivotsDistance": 0.0032460622023791075,
                    "Probability": 0.21325089037418365,
                    "StandardDeviation": 0.0005702604539692402,
                    "Translation": {
                        "W": 0,
                        "X": -0.002887323498725891,
                        "Y": -4.481058567762375e-06,
                        "Z": 0.0014833287568762898
                    }
                },
                {
                    "ClosestIndex": -1,
                    "Distance": 0.012837599031627178,
                    "PivotsDistance": 0.0037394147366285324,
                    "Probability": 0.20158283412456512,
                    "StandardDeviation": 0.0004895068123005331,
                    "Translation": {
                        "W": 0,
                        "X": 0.00215337797999382,
                        "Y": -4.481058567762375e-06,
                        "Z": 0.0030571501702070236
                    }
                },
                {
                    "ClosestIndex": -1,
                    "Distance": 0.012935971841216087,
                    "PivotsDistance": 0.003900387091562152,
                    "Probability": 0.19769355654716492,
                    "StandardDeviation": 0.0004491300496738404,
                    "Translation": {
                        "W": 0,
                        "X": 0.003891316009685397,
                        "Y": -4.481058567762375e-06,
                        "Z": 0.0002659185556694865
                    }
                },
                {
                    "ClosestIndex": -1,
                    "Distance": 0.012968762777745724,
                    "PivotsDistance": 0.0029115532524883747,
                    "Probability": 0.1937587410211563,
                    "StandardDeviation": 0.0007325984770432115,
                    "Translation": {
                        "W": 0,
                        "X": 0.0016204437706619501,
                        "Y": -4.481058567762375e-06,
                        "Z": -0.002418947871774435
                    }
                }
            ],
            "RollStd": 8,
            "Type": 2,
            "YawStd": 9
        }
    ],
    "Spine": {
        "Name": "CustomTriangleSkeleton",
        "Params": {
            "W": 0,
            "X": 0.10000000149011612,
            "Y": 0,
            "Z": 0
        },
        "Rotation": {
            "S": 1,
            "X": 0,
            "Y": 0,
            "Z": 0
        },
        "Translation": {
            "W": 0,
            "X": 0,
            "Y": 0,
            "Z": 0
        }
    }
}
