{
    "BoundingSphere": {
        "W": 1.000000082740371e-07,
        "X": 0,
        "Y": 0,
        "Z": 0
    },
    "Name": "model.lipids.outer.json",
    "Positions": {
        "CRYSTALL_CUT_SINGLE2": {
            "Position": {
                "W": 0,
                "X": 0.007054656744003296,
                "Y": -0.004986785352230072,
                "Z": 0.053601667284965515
            },
            "Rotation": {
                "S": -0.3073156476020813,
                "X": 0.038552820682525635,
                "Y": 0.9507051110267639,
                "Z": -0.01518481969833374
            }
        },
        "FLUID_CUT_SINGLE2": {
            "Position": {
                "W": 0,
                "X": 0.006514726206660271,
                "Y": -0.004726203624159098,
                "Z": -0.03174532204866409
            },
            "Rotation": {
                "S": -0.3056883215904236,
                "X": -0.02305486798286438,
                "Y": -0.94947749376297,
                "Z": 0.0671987533569336
            }
        }
    },
    "Rules": [
        {
            "ChildName": "FLUID_CUT_SINGLE2",
            "CollisionCompensation": 0.45,
            "CollisionDetection": true,
            "ComputeWithSpineWeights": true,
            "DistanceDistribution": 1,
            "ElementRotationType": 3,
            "ElementsSequence": "",
            "GroupName": "outer",
            "Id": 6,
            "MaxCount": 500,
            "MaxErrors": 200,
            "Name": "outer(CRYSTALL_CUT_SINGLE2)+(FLUID_CUT_SINGLE2)",
            "NormalSide": 1,
            "ParentName": "CRYSTALL_CUT_SINGLE2",
            "PitchStd": 180,
            "Positions": [
            ],
            "Probability": 1,
            "RelationPolicy": 1,
            "Relations": [
                {
                    "ClosestIndex": -1,
                    "Distance": 0.005181749816983938,
                    "PivotsDistance": 0.0034558798652142286,
                    "Probability": 0.19371402263641357,
                    "Rotation": {
                        "S": 0,
                        "X": 0,
                        "Y": 0,
                        "Z": 1
                    },
                    "StandardDeviation": 0.0005694295978173614,
                    "Translation": {
                        "W": 0,
                        "X": -0.0028923347126692533,
                        "Y": -4.481058567762375e-06,
                        "Z": -0.0018914263928309083
                    }
                },
                {
                    "ClosestIndex": -1,
                    "Distance": 0.005216853227466345,
                    "PivotsDistance": 0.0032460622023791075,
                    "Probability": 0.21325089037418365,
                    "Rotation": {
                        "S": 0,
                        "X": 0,
                        "Y": 0,
                        "Z": 1
                    },
                    "StandardDeviation": 0.0005702604539692402,
                    "Translation": {
                        "W": 0,
                        "X": -0.002887323498725891,
                        "Y": -4.481058567762375e-06,
                        "Z": 0.0014833287568762898
                    }
                },
                {
                    "ClosestIndex": -1,
                    "Distance": 0.0052519566379487514,
                    "PivotsDistance": 0.0037394147366285324,
                    "Probability": 0.20158283412456512,
                    "Rotation": {
                        "S": 0,
                        "X": 0,
                        "Y": 0,
                        "Z": 1
                    },
                    "StandardDeviation": 0.0004895068123005331,
                    "Translation": {
                        "W": 0,
                        "X": 0.00215337797999382,
                        "Y": -4.481058567762375e-06,
                        "Z": 0.0030571501702070236
                    }
                },
                {
                    "ClosestIndex": -1,
                    "Distance": 0.005181749816983938,
                    "PivotsDistance": 0.003900387091562152,
                    "Probability": 0.19769355654716492,
                    "Rotation": {
                        "S": 0,
                        "X": 0,
                        "Y": 0,
                        "Z": 1
                    },
                    "StandardDeviation": 0.0004491300496738404,
                    "Translation": {
                        "W": 0,
                        "X": 0.003891316009685397,
                        "Y": -4.481058567762375e-06,
                        "Z": 0.0002659185556694865
                    }
                },
                {
                    "ClosestIndex": -1,
                    "Distance": 0.0052519566379487514,
                    "PivotsDistance": 0.0029115532524883747,
                    "Probability": 0.1937587410211563,
                    "Rotation": {
                        "S": 0,
                        "X": 0,
                        "Y": 0,
                        "Z": 1
                    },
                    "StandardDeviation": 0.0007325984770432115,
                    "Translation": {
                        "W": 0,
                        "X": 0.0016204437706619501,
                        "Y": -4.481058567762375e-06,
                        "Z": -0.002418947871774435
                    }
                }
            ],
            "RollStd": 8,
            "Type": 2,
            "YawStd": 9
        },
        {
            "ChildName": "CRYSTALL_CUT_SINGLE2",
            "CollisionCompensation": 0.45,
            "CollisionDetection": true,
            "ComputeWithSpineWeights": true,
            "DistanceDistribution": 1,
            "ElementRotationType": 3,
            "ElementsSequence": "",
            "GroupName": "outer",
            "Id": 5,
            "MaxCount": 500,
            "MaxErrors": 200,
            "Name": "outer(FLUID_CUT_SINGLE2)+(CRYSTALL_CUT_SINGLE2)",
            "NormalSide": 1,
            "ParentName": "FLUID_CUT_SINGLE2",
            "PitchStd": 180,
            "Positions": [
            ],
            "Probability": 1,
            "RelationPolicy": 1,
            "Relations": [
                {
                    "ClosestIndex": -1,
                    "Distance": 0.005181749816983938,
                    "PivotsDistance": 0.0034558798652142286,
                    "Probability": 0.19371402263641357,
                    "Rotation": {
                        "S": 0,
                        "X": 0,
                        "Y": 0,
                        "Z": 1
                    },
                    "StandardDeviation": 0.0005694295978173614,
                    "Translation": {
                        "W": 0,
                        "X": -0.0028923347126692533,
                        "Y": -4.481058567762375e-06,
                        "Z": -0.0018914263928309083
                    }
                },
                {
                    "ClosestIndex": -1,
                    "Distance": 0.005216853227466345,
                    "PivotsDistance": 0.0032460622023791075,
                    "Probability": 0.21325089037418365,
                    "Rotation": {
                        "S": 0,
                        "X": 0,
                        "Y": 0,
                        "Z": 1
                    },
                    "StandardDeviation": 0.0005702604539692402,
                    "Translation": {
                        "W": 0,
                        "X": -0.002887323498725891,
                        "Y": -4.481058567762375e-06,
                        "Z": 0.0014833287568762898
                    }
                },
                {
                    "ClosestIndex": -1,
                    "Distance": 0.0052519566379487514,
                    "PivotsDistance": 0.0037394147366285324,
                    "Probability": 0.20158283412456512,
                    "Rotation": {
                        "S": 0,
                        "X": 0,
                        "Y": 0,
                        "Z": 1
                    },
                    "StandardDeviation": 0.0004895068123005331,
                    "Translation": {
                        "W": 0,
                        "X": 0.00215337797999382,
                        "Y": -4.481058567762375e-06,
                        "Z": 0.0030571501702070236
                    }
                },
                {
                    "ClosestIndex": -1,
                    "Distance": 0.005181749816983938,
                    "PivotsDistance": 0.003900387091562152,
                    "Probability": 0.19769355654716492,
                    "Rotation": {
                        "S": 0,
                        "X": 0,
                        "Y": 0,
                        "Z": 1
                    },
                    "StandardDeviation": 0.0004491300496738404,
                    "Translation": {
                        "W": 0,
                        "X": 0.003891316009685397,
                        "Y": -4.481058567762375e-06,
                        "Z": 0.0002659185556694865
                    }
                },
                {
                    "ClosestIndex": -1,
                    "Distance": 0.0052519566379487514,
                    "PivotsDistance": 0.0029115532524883747,
                    "Probability": 0.1937587410211563,
                    "Rotation": {
                        "S": 0,
                        "X": 0,
                        "Y": 0,
                        "Z": 1
                    },
                    "StandardDeviation": 0.0007325984770432115,
                    "Translation": {
                        "W": 0,
                        "X": 0.0016204437706619501,
                        "Y": -4.481058567762375e-06,
                        "Z": -0.002418947871774435
                    }
                }
            ],
            "RollStd": 8,
            "Type": 2,
            "YawStd": 9
        },
        {
            "ChildName": "CRYSTALL_CUT_SINGLE2",
            "CollisionCompensation": 0.45,
            "CollisionDetection": true,
            "ComputeWithSpineWeights": true,
            "DistanceDistribution": 1,
            "ElementRotationType": 3,
            "ElementsSequence": "",
            "GroupName": "outer",
            "Id": 4,
            "MaxCount": 500,
            "MaxErrors": 200,
            "Name": "outer(CRYSTALL_CUT_SINGLE2)+(CRYSTALL_CUT_SINGLE2)",
            "NormalSide": 1,
            "ParentName": "CRYSTALL_CUT_SINGLE2",
            "PitchStd": 180,
            "Positions": [
            ],
            "Probability": 1,
            "RelationPolicy": 1,
            "Relations": [
                {
                    "ClosestIndex": -1,
                    "Distance": 0.005181749816983938,
                    "PivotsDistance": 0.0034558798652142286,
                    "Probability": 0.19371402263641357,
                    "Rotation": {
                        "S": 0,
                        "X": 0,
                        "Y": 0,
                        "Z": 1
                    },
                    "StandardDeviation": 0.0005694295978173614,
                    "Translation": {
                        "W": 0,
                        "X": -0.0028923347126692533,
                        "Y": -4.481058567762375e-06,
                        "Z": -0.0018914263928309083
                    }
                },
                {
                    "ClosestIndex": -1,
                    "Distance": 0.005216853227466345,
                    "PivotsDistance": 0.0032460622023791075,
                    "Probability": 0.21325089037418365,
                    "Rotation": {
                        "S": 0,
                        "X": 0,
                        "Y": 0,
                        "Z": 1
                    },
                    "StandardDeviation": 0.0005702604539692402,
                    "Translation": {
                        "W": 0,
                        "X": -0.002887323498725891,
                        "Y": -4.481058567762375e-06,
                        "Z": 0.0014833287568762898
                    }
                },
                {
                    "ClosestIndex": -1,
                    "Distance": 0.0052519566379487514,
                    "PivotsDistance": 0.0037394147366285324,
                    "Probability": 0.20158283412456512,
                    "Rotation": {
                        "S": 0,
                        "X": 0,
                        "Y": 0,
                        "Z": 1
                    },
                    "StandardDeviation": 0.0004895068123005331,
                    "Translation": {
                        "W": 0,
                        "X": 0.00215337797999382,
                        "Y": -4.481058567762375e-06,
                        "Z": 0.0030571501702070236
                    }
                },
                {
                    "ClosestIndex": -1,
                    "Distance": 0.005181749816983938,
                    "PivotsDistance": 0.003900387091562152,
                    "Probability": 0.19769355654716492,
                    "Rotation": {
                        "S": 0,
                        "X": 0,
                        "Y": 0,
                        "Z": 1
                    },
                    "StandardDeviation": 0.0004491300496738404,
                    "Translation": {
                        "W": 0,
                        "X": 0.003891316009685397,
                        "Y": -4.481058567762375e-06,
                        "Z": 0.0002659185556694865
                    }
                },
                {
                    "ClosestIndex": -1,
                    "Distance": 0.0052519566379487514,
                    "PivotsDistance": 0.0029115532524883747,
                    "Probability": 0.1937587410211563,
                    "Rotation": {
                        "S": 0,
                        "X": 0,
                        "Y": 0,
                        "Z": 1
                    },
                    "StandardDeviation": 0.0007325984770432115,
                    "Translation": {
                        "W": 0,
                        "X": 0.0016204437706619501,
                        "Y": -4.481058567762375e-06,
                        "Z": -0.002418947871774435
                    }
                }
            ],
            "RollStd": 8,
            "Type": 2,
            "YawStd": 9
        }
    ],
    "Spine": {
        "Name": "CustomTriangleSkeleton",
        "Params": {
            "W": 0,
            "X": 0.10000000149011612,
            "Y": 0,
            "Z": 0
        },
        "Rotation": {
            "S": 1,
            "X": 0,
            "Y": 0,
            "Z": 0
        },
        "Translation": {
            "W": 0,
            "X": 0,
            "Y": 0,
            "Z": 0
        }
    }
}
