{
    "BoundingSphere": {
        "W": 9.999999747378752e-05,
        "X": 0,
        "Y": 0,
        "Z": 0
    },
    "Name": "model.rna-backbone.json",
    "Positions": {
        "P": {
            "Position": {
                "W": 0,
                "X": 0.005367870908230543,
                "Y": -0.006074330769479275,
                "Z": 0
            },
            "Rotation": {
                "S": 0.880521297454834,
                "X": 0.07972162961959839,
                "Y": 0.0185481458902359,
                "Z": -0.46688616275787354
            }
        },
        "model.rna-placeholder.json": {
            "Position": {
                "W": 0,
                "X": 0.005533674266189337,
                "Y": -0.007948334328830242,
                "Z": 0
            },
            "Rotation": {
                "S": 0,
                "X": 0,
                "Y": 0,
                "Z": 1
            }
        }
    },
    "Rules": [
        {
            "ChildName": "model.rna-placeholder.json",
            "CollisionCompensation": 1,
            "CollisionDetection": false,
            "ComputeWithSpineWeights": true,
            "DistanceDistribution": 1,
            "ElementRotationType": 0,
            "ElementsSequence": "",
            "GroupName": "",
            "Id": 2,
            "MaxCount": 1,
            "MaxErrors": 2,
            "Name": "()+(model.rna-placeholder.json)",
            "NormalSide": 0,
            "ParentName": "",
            "PitchStd": 0,
            "Positions": [
            ],
            "Probability": 1,
            "RelationPolicy": 1,
            "Relations": [
                {
                    "ClosestIndex": 1,
                    "Distance": 0,
                    "LatLon": {
                        "S": 1,
                        "X": 0,
                        "Y": 0,
                        "Z": 0
                    },
                    "Params": {
                        "W": 0,
                        "X": 0.8835563659667969,
                        "Y": 0,
                        "Z": 0
                    },
                    "Probability": 1,
                    "Rotation": {
                        "S": 0.7070000171661377,
                        "X": 0,
                        "Y": 0,
                        "Z": 0.7070000171661377
                    },
                    "StandardDeviation": 0
                }
            ],
            "RollStd": 0,
            "Type": 4,
            "YawStd": 0
        },
        {
            "ChildName": "P",
            "CollisionCompensation": 1,
            "CollisionDetection": false,
            "ComputeWithSpineWeights": true,
            "DistanceDistribution": 1,
            "ElementRotationType": 0,
            "ElementsSequence": "",
            "GroupName": "",
            "Id": 1,
            "MaxCount": 1,
            "MaxErrors": 2,
            "Name": "()+(P)",
            "NormalSide": 0,
            "ParentName": "",
            "PitchStd": 0,
            "Positions": [
            ],
            "Probability": 1,
            "RelationPolicy": 1,
            "Relations": [
                {
                    "ClosestIndex": 0,
                    "Distance": 0.00016585341654717922,
                    "LatLon": {
                        "S": 1,
                        "X": 0,
                        "Y": 0,
                        "Z": 0
                    },
                    "Params": {
                        "W": 0,
                        "X": 0.2,
                        "Y": 0,
                        "Z": 0
                    },
                    "Probability": 1,
                    "Rotation": {
                        "S": 0.3442195951938629,
                        "X": -0.5967496037483215,
                        "Y": 0.33313143253326416,
                        "Z": -0.6437599658966064
                    },
                    "StandardDeviation": 0
                }
            ],
            "RollStd": 0,
            "Type": 4,
            "YawStd": 0
        }
    ],
    "Spine": {
        "Name": "LineSpine",
        "Params": {
            "W": 0,
            "X": 0.0025,
            "Y": 0,
            "Z": 0
        },
        "Rotation": {
            "S": 0.7157424688339233,
            "X": 0,
            "Y": 0,
            "Z": 0.6983640193939209
        },
        "Translation": {
            "W": 0,
            "X": 0.005533674266189337,
            "Y": -0.00710962014272809,
            "Z": 0
        }
    }
}
