{
    "BoundingSphere": {
        "W": 0.0010000000474974513,
        "X": 0,
        "Y": 0,
        "Z": 0
    },
    "Name": "model.mesh.tetra.json",
    "Positions": {
        "SPOINT": {
            "Position": {
                "W": 0,
                "X": -0.01643867790699005,
                "Y": 0.0881270170211792,
                "Z": 0.044569190591573715
            },
            "Rotation": {
                "S": 1,
                "X": 0,
                "Y": 0,
                "Z": 0
            }
        }
    },
    "Rules": [
        {
            "ChildName": "model.blob.tetra.json",
            "CollisionCompensation": 2.0,
            "CollisionDetection": true,
            "ComputeWithSpineWeights": false,
            "DistanceDistribution": 1,
            "ElementRotationType": 1,
            "ElementsSequence": "",
            "GroupName": "",
            "Id": 1,
            "MaxCount": 0,
            "MaxErrors": 50,
            "Name": "(model.mesh.tetra.json)+(model.blob.tetra.json)",
            "NormalSide": 0,
            "ParentName": "model.mesh.tetra.json",
            "PitchStd": 0,
            "Positions": [
            ],
            "Probability": 1,
            "RelationPolicy": 1,
            "Relations": [
                {
                    "ClosestIndex": -1,
                    "Distance": -0.18,
                    "Params": {
                        "W": 323,
                        "X": 0.27825722098350525,
                        "Y": 0.21851111948490143,
                        "Z": 0
                    },
                    "PivotsDistance": 0,
                    "Probability": 1,
                    "StandardDeviation": 0.028
                }
            ],
            "RollStd": 0,
            "Type": 0,
            "YawStd": 0
        }
    ],
    "Spine": {
        "Name": "CustomTriangleSkeleton",
        "Params": {
            "W": 0,
            "X": 0.0010000000474974513,
            "Y": 0,
            "Z": 0
        },
        "Rotation": {
            "S": 1,
            "X": 0,
            "Y": 0,
            "Z": 0
        },
        "Translation": {
            "W": 0,
            "X": 0,
            "Y": 0,
            "Z": 0
        }
    }
}
