{
    "BoundingSphere": {
        "W": 0,
        "X": 0,
        "Y": 0,
        "Z": 0
    },
    "Name": "model.blobs.json",
    "Positions": {
    },
    "Rules": [
        {
            "ChildName": "model.blob.json",
            "CollisionCompensation": 2.9,
            "CollisionDetection": true,
            "ComputeWithSpineWeights": true,
            "DistanceDistribution": 1,
            "ElementRotationType": 3,
            "ElementsSequence": "",
            "GroupName": "",
            "Id": 3,
            "MaxCount": 300,
            "MaxErrors": 300,
            "Name": "(model.blob.json)+(model.blob.json)",
            "NormalSide": 1,
            "ParentName": "model.blob.json",
            "PitchStd": 0,
            "Positions": [
            ],
            "Probability": 1,
            "RelationPolicy": 1,
            "Relations": [
                {
                    "ClosestIndex": -1,
                    "Distance": -0.027,
                    "PivotsDistance": 0,
                    "Probability": 1,
                    "Rotation": {
                        "S": 0.9999998807907104,
                        "X": 5.960464477539063e-08,
                        "Y": 0,
                        "Z": -5.9604559510262334e-08
                    },
                    "StandardDeviation": 0,
                    "Translation": {
                        "W": 0,
                        "X": -0.027215588837862015,
                        "Y": 1.8396122299091378e-12,
                        "Z": 0.051529549062252045
                    }
                },
                {
                    "ClosestIndex": -1,
                    "Distance": -0.027,
                    "PivotsDistance": 0,
                    "Probability": 1,
                    "Rotation": {
                        "S": 0.9999998807907104,
                        "X": 5.960464477539063e-08,
                        "Y": 0,
                        "Z": -5.9604559510262334e-08
                    },
                    "StandardDeviation": 0,
                    "Translation": {
                        "W": 0,
                        "X": 0.029117053374648094,
                        "Y": 1.839831672428849e-12,
                        "Z": 0.051046743988990784
                    }
                },
                {
                    "ClosestIndex": -1,
                    "Distance": -0.027,
                    "PivotsDistance": 0,
                    "Probability": 1,
                    "Rotation": {
                        "S": 0.9999998807907104,
                        "X": 5.960464477539063e-08,
                        "Y": 0,
                        "Z": -5.9604559510262334e-08
                    },
                    "StandardDeviation": 0,
                    "Translation": {
                        "W": 0,
                        "X": 0.05652027577161789,
                        "Y": 1.8197025917349174e-12,
                        "Z": 0.0028331344947218895
                    }
                },
                {
                    "ClosestIndex": -1,
                    "Distance": -0.027,
                    "PivotsDistance": 0,
                    "Probability": 1,
                    "Rotation": {
                        "S": 0.9999998807907104,
                        "X": 5.960464477539063e-08,
                        "Y": 0,
                        "Z": -5.9604559510262334e-08
                    },
                    "StandardDeviation": 0,
                    "Translation": {
                        "W": 0,
                        "X": 0.02835669182240963,
                        "Y": 1.7990169900658493e-12,
                        "Z": -0.045711152255535126
                    }
                },
                {
                    "ClosestIndex": -1,
                    "Distance": -0.027,
                    "PivotsDistance": 0,
                    "Probability": 1,
                    "Rotation": {
                        "S": 0.9999998807907104,
                        "X": 5.960464477539063e-08,
                        "Y": 0,
                        "Z": -5.9604559510262334e-08
                    },
                    "StandardDeviation": 0,
                    "Translation": {
                        "W": 0,
                        "X": -0.027428720146417618,
                        "Y": 1.7985952354207524e-12,
                        "Z": -0.04571756720542908
                    }
                },
                {
                    "ClosestIndex": -1,
                    "Distance": -0.027,
                    "PivotsDistance": 0,
                    "Probability": 1,
                    "Rotation": {
                        "S": 0.9999998807907104,
                        "X": 5.960464477539063e-08,
                        "Y": 0,
                        "Z": -5.9604559510262334e-08
                    },
                    "StandardDeviation": 0,
                    "Translation": {
                        "W": 0,
                        "X": -0.055627889931201935,
                        "Y": 1.8187795020052633e-12,
                        "Z": 0.002641350030899048
                    }
                }
            ],
            "RollStd": 0,
            "Type": 2,
            "YawStd": 0
        }
    ],
    "Spine": {
        "Name": "CustomTriangleSkeleton",
        "Params": {
            "W": 0,
            "X": 0.10000000149011612,
            "Y": 0,
            "Z": 0
        },
        "Rotation": {
            "S": 1,
            "X": 0,
            "Y": 0,
            "Z": 0
        },
        "Translation": {
            "W": 0,
            "X": 0,
            "Y": 0,
            "Z": 0
        }
    }
}
