{
    "BoundingSphere": {
        "W": 0,
        "X": 0,
        "Y": 0,
        "Z": 0
    },
    "Name": "model.NTD.BP.json",
    "Positions": {
	 "BP": {
            "Position": {
                "W": 0,
                "X": 0.004040662199258804,
                "Y": 0.006627110298722982,
                "Z": 0.0034480527974665165
            },
            "Rotation": {
                "S": 1,
                "X": 0,
                "Y": 0,
                "Z": 0
            }
        }
    },
    "Rules": [
        {
            "ChildName": "BP",
            "CollisionCompensation": 1,
            "CollisionDetection": false,
            "ComputeWithSpineWeights": true,
            "DistanceDistribution": 1,
            "ElementRotationType": 0,
            "ElementsSequence": "",
            "GroupName": "a",
            "Id": 1,
            "MaxCount": 0,
            "MaxErrors": 5,
            "Name": "(NTD)+(BP)",
            "NormalSide": 0,
            "ParentName": "NTD",
            "PitchStd": 0,
            "Positions": [
            ],
            "Probability": 1,
            "RelationPolicy": 1,
            "Relations": [
                {
                    "ClosestIndex": -1,
                    "Distance": 0,
                    "PivotsDistance": 0,
                    "Probability": 1,
                    "StandardDeviation": 0,
                    "Translation": {
                        "W": 0,
                        "X": -0.00695765158161521,
                        "Y": -8.250766404671595e-05,
                        "Z": -0.0006846217438578606
                    }
                },
                {
                    "ClosestIndex": -1,
                    "Distance": 0,
                    "PivotsDistance": 0,
                    "Probability": 1,
                    "StandardDeviation": 0,
                    "Translation": {
                        "W": 0,
                        "X": 0.008282739669084549,
                        "Y": -8.250766404671595e-05,
                        "Z": -0.0012542493641376495
                    }
                },
                {
                    "ClosestIndex": -1,
                    "Distance": 0,
                    "PivotsDistance": 0,
                    "Probability": 1,
                    "StandardDeviation": 0,
                    "Translation": {
                        "W": 0,
                        "X": 0.0006631205324083567,
                        "Y": -8.250766404671595e-05,
                        "Z": -0.008248856291174889
                    }
                },
                {
                    "ClosestIndex": -1,
                    "Distance": 0,
                    "PivotsDistance": 0,
                    "Probability": 1,
                    "StandardDeviation": 0,
                    "Translation": {
                        "W": 0,
                        "X": 0.00012510735541582108,
                        "Y": -8.250766404671595e-05,
                        "Z": 0.008847257122397423
                    }
                },
                {
                    "ClosestIndex": -1,
                    "Distance": 0,
                    "PivotsDistance": 0,
                    "Probability": 1,
                    "StandardDeviation": 0,
                    "Translation": {
                        "W": 0,
                        "X": 0.00012491224333643913,
                        "Y": 0.007033117115497589,
                        "Z": 0.0012423694133758545
                    }
                },
                {
                    "ClosestIndex": -1,
                    "Distance": 0,
                    "PivotsDistance": 0,
                    "Probability": 1,
                    "StandardDeviation": 0,
                    "Translation": {
                        "W": 0,
                        "X": 0.00012491224333643913,
                        "Y": -0.00807109847664833,
                        "Z": 0.0012423694133758545
                    }
                }
            ],
            "RollStd": 0,
            "Type": 1,
            "YawStd": 0
        }
    ]
}
