{
    "BoundingSphere": {
        "W": 0.0001,
        "X": 0,
        "Y": 0,
        "Z": 0
    },
    "Name": "model.rna-placeholder.json",
    "Positions": {
    },
    "Rules": [
    ],
    "Spine": {
        "Name": "PointSpine",
        "Params": {
            "W": 0,
            "X": 0.009999999776482582,
            "Y": 0,
            "Z": 0
        },
        "Rotation": {
            "S": 1,
            "X": 0,
            "Y": 0,
            "Z": 0
        },
        "Translation": {
            "W": 0,
            "X": 0.00826857890933752,
            "Y": 0.0002854305785149336,
            "Z": 0
        }
    }
}
