{
    "BoundingSphere": {
        "W": 0.0010000000474974513,
        "X": 0,
        "Y": 0,
        "Z": 0
    },
    "Name": "model.BP.connection.json",
    "Positions": {		
    },
    "Rules": [
        {
            "ChildName": "BP",
            "CollisionCompensation": 1,
            "CollisionDetection": true,
            "ComputeWithSpineWeights": true,
            "DistanceDistribution": 1,
            "ElementRotationType": 0,
            "ElementsSequence": "",
            "GroupName": "",
            "Id": 3,
            "MaxCount": 30,
            "MaxErrors": 5,
            "Name": "(BP)+(BP)",
            "NormalSide": 0,
            "ParentName": "BP",
            "PitchStd": 0,
            "Positions": [
            ],
            "Probability": 1,
            "RelationPolicy": 1,
            "Relations": [
                {
                    "ClosestIndex": -1,
                    "Distance": 0,
                    "PivotsDistance": 0,
                    "Probability": 1,
                    "Rotation": {
                        "S": 1,
                        "X": 0,
                        "Y": -2.9802322387695312e-08,
                        "Z": -2.9802322387695312e-08
                    },
                    "StandardDeviation": 0
                }
            ],
            "RollStd": 0,
            "Type": 3,
            "YawStd": 0
        }, {
            "ChildName": "model.rna-backbone.json",
            "CollisionCompensation": 1,
            "CollisionDetection": false,
            "ComputeWithSpineWeights": false,
            "DistanceDistribution": 1,
            "ElementRotationType": 2,
            "ElementsSequence": "",
            "GroupName": "",
            "Id": 5,
            "MaxCount": 29903,
            "MaxErrors": 50,
            "Name": "(model.rna-backbone.json)+(model.rna-backbone.json)",
            "NormalSide": 0,
            "ParentName": "model.rna-backbone.json",
            "PitchStd": 0,
            "Positions": [
            ],
            "Probability": 1,
            "RelationPolicy": 1,
            "Relations": [
                {
                    "ClosestIndex": 0,
                    "Distance": 0.0012702137464657426,
                    "LatLon": {
                        "S": 0.8286559581756592,
                        "X": -0.16580906510353088,
                        "Y": 0.3169236481189728,
                        "Z": 0.4305763840675354
                    },
                    "Probability": 1,
                    "Rotation": {
                        "S": 0.9481031894683838,
                        "X": 4.172325134277344e-07,
                        "Y": 0.31796300411224365,
                        "Z": -3.5762786865234375e-07
                    },
                    "StandardDeviation": 0,
                    "Translation": {
                        "W": 0,
                        "Y": 0.00019007211085408926,
                        "X": 0.0020,
                        "Z": -0.0008001565001904964
                    }
                }
            ],
            "RollStd": 0,
            "Type": 2,
            "YawStd": 0
        }
    ],
    "Spine": {
        "Name": "PolyLineSpine",
        "Params": {
            "W": 0,
            "X": 0.09005673974752426,
            "Y": 0,
            "Z": 0
        },
        "Rotation": {
            "S": 1,
            "X": 0,
            "Y": 0,
            "Z": 0
        },
        "Translation": {
            "W": 0,
            "X": -0.0016956874169409275,
            "Y": 0.00609568040817976,
            "Z": -0.004897702485322952
        }
    }
}
