{
    "BoundingSphere": {
        "W": 0.02,
        "X": 0,
        "Y": 0.01,
        "Z": 0
    },
    "Name": "model.blob.tetra.json",
    "Positions": {
        "CTD": {
            "Position": {
                "W": 0,
                "X": -0.02921121194958687,
                "Y": 2.9858199468435487e-07,
                "Z": -0.012410180643200874
            },
            "Rotation": {
                "S": 0.47482943534851074,
                "X": -9.506940841674805e-05,
                "Y": 0.8800778388977051,
                "Z": 5.1021575927734375e-05
            }
        },
        "model.blob.json": {
            "Position": {
                "W": 0,
                "X": 0.03366955369710922,
                "Y": -4.356368155100654e-09,
                "Z": 0.00011787423864006996
            },
            "Rotation": {
                "S": 1,
                "X": 0,
                "Y": 0,
                "Z": 0
            }
        }
    },
    "Rules": [
        {
            "ChildName": "model.blob.json",
            "CollisionCompensation": 1,
            "CollisionDetection": true,
            "ComputeWithSpineWeights": true,
            "DistanceDistribution": 1,
            "ElementRotationType": 0,
            "ElementsSequence": "",
            "GroupName": "",
            "Id": 5,
            "MaxCount": 3,
            "MaxErrors": 50,
            "Name": "(model.blob.tetra.json)+(model.blob.json)",
            "NormalSide": 0,
            "ParentName": "model.blob.tetra.json",
            "PitchStd": 50,
            "Positions": [
            ],
            "Probability": 1,
            "RelationPolicy": 1,
            "Relations": [
                {
                    "ClosestIndex": 0,
                    "Distance": -4.3930397097824425e-09,
                    "Params": {
                        "W": 0,
                        "X": 0.9568436145782471,
                        "Y": 0.019687794148921967,
                        "Z": 0
                    },
                    "PivotsDistance": 0,
                    "Probability": 1,
                    "StandardDeviation": 0
                }
            ],
            "RollStd": 50,
            "Type": 0,
            "YawStd": 50
        },
		{
            "ChildName": "model.blob2.json",
            "CollisionCompensation": 1,
            "CollisionDetection": true,
            "ComputeWithSpineWeights": true,
            "DistanceDistribution": 1,
            "ElementRotationType": 0,
            "ElementsSequence": "",
            "GroupName": "",
            "Id": 5,
            "MaxCount": 0,
            "MaxErrors": 50,
            "Name": "()+(model.blob2.json)",
            "NormalSide": 0,
            "ParentName": "",
            "PitchStd": 50,
            "Positions": [
            ],
            "Probability": 1,
            "RelationPolicy": 1,
            "Relations": [
                {
                    "ClosestIndex": 1,
                    "Distance": 0.028,
                    "Params": {
                        "W": 0,
                        "X": 0.3388698697090149,
                        "Y": 0.3237898647785187,
                        "Z": 0
                    },
                    "PivotsDistance": 0,
                    "Probability": 1,
                    "StandardDeviation": 0
                }
            ],
            "RollStd": 50,
            "Type": 0,
            "YawStd": 50
        }
    ],
    "Spine": {
        "Name": "TriangleSkeleton",
        "Params": {
            "W": 0,
            "X": 0.03,
            "Y": 0,
            "Z": 0
        },
        "Rotation": {
            "S": 1,
            "X": 0,
            "Y": 0,
            "Z": 0
        },
        "Translation": {
            "W": 0,
            "X": 0,
            "Y": 0,
            "Z": 0
        }
    }
}
