[
    {
        "boundingSphere": {
            "W": 0.013799999840557575,
            "X": 0.004579457454383373,
            "Y": -0.033682629466056824,
            "Z": 0.0006707161664962769
        },
        "color": {
            "X": 1,
            "Y": 0.299019992351532,
            "Z": 0.32499998807907104
        },
        "colorHCL": {
            "X": 0,
            "Y": 0,
            "Z": 0
        },
        "label": "Spike protein",
        "name": "S",
        "path": "",
        "rotation": {
            "S": -0.7172772884368896,
            "X": 0.6967877745628357,
            "Y": -2.430751919746399e-07,
            "Z": -1.6223639249801636e-06
        },
        "source": {
            "pdb": "s",
            "transform": {
                "center": true
            }
        },
        "type": "Protein"
    },
    {
        "boundingSphere": {
            "W": 0.01894189603626728,
            "X": -1.136366222453944e-06,
            "Y": -0.00022093810548540205,
            "Z": -1.8728314898908138e-08
        },
        "color": {
            "X": 0.30000001192092896,
            "Y": 0.30000001192092896,
            "Z": 0.5
        },
        "colorHCL": {
            "X": 307,
            "Y": 50,
            "Z": 61
        },
        "label": "Envelope protein",
        "name": "E",
        "path": "",
        "rotation": {
            "S": 0.5776561498641968,
            "X": 0.3857501149177551,
            "Y": -0.4211495518684387,
            "Z": 0.583217442035675
        },
        "source": {
            "pdb": "e",
            "transform": {
                "center": true
            }
        },
        "type": "Protein"
    },
    {
        "boundingSphere": {
            "W": 0,
            "X": 0,
            "Y": 0,
            "Z": 0
        },
        "color": {
            "X": 1,
            "Y": 1,
            "Z": 0
        },
        "colorHCL": {
            "X": 0,
            "Y": 0,
            "Z": 0
        },
        "label": "Binding point",
        "name": "BP",
        "path": "",
        "rotation": {
            "S": 1,
            "X": 0,
            "Y": 0,
            "Z": 0
        },
        "source": {
            "pdb": "bp",
            "transform": {
                "center": true
            }
        },
        "type": "Protein"
    },
    {
        "boundingSphere": {
            "W": 0.003100000787526369,
            "X": 4.922226071357727e-05,
            "Y": -0.0039442298002541065,
            "Z": -0.00031077489256858826
        },
        "color": {
            "X": 0.699999988079071,
            "Y": 0.20000000298023224,
            "Z": 1
        },
        "colorHCL": {
            "X": 174,
            "Y": 30,
            "Z": 49
        },
        "label": "Inner membrane (fluid lipid)",
        "name": "FLUID CUT SINGLE",
        "path": "",
        "rotation": {
            "S": 1,
            "X": 0,
            "Y": 0,
            "Z": 0
        },
        "source": {
            "pdb": "fluid_cut_single",
            "transform": {
                "center": true
            }
        },
        "type": "Lipid"
    },
    {
        "boundingSphere": {
            "W": 0.003200000850483775,
            "X": -4.192965570837259e-05,
            "Y": -0.003995173145085573,
            "Z": 0.0002986341714859009
        },
        "color": {
            "X": 0.699999988079071,
            "Y": 0.20000000298023224,
            "Z": 1
        },
        "colorHCL": {
            "X": 174,
            "Y": 30,
            "Z": 49
        },
        "label": "Inner membrane (crystal lipid)",
        "name": "CRYSTALL CUT SINGLE",
        "path": "",
        "rotation": {
            "S": 1,
            "X": 0,
            "Y": 0,
            "Z": 0
        },
        "source": {
            "pdb": "crystall_cut_single",
            "transform": {
                "center": true
            }
        },
        "type": "Lipid"
    },
    {
        "boundingSphere": {
            "W": 0.0020000000949949026,
            "X": 0,
            "Y": 0,
            "Z": 0
        },
        "color": {
            "X": 0.9705880284309387,
            "Y": 0.9705849885940552,
            "Z": 0.9705780148506165
        },
        "colorHCL": {
            "X": 77,
            "Y": 80,
            "Z": 93
        },
        "label": "Adenine",
        "name": "A",
        "path": "",
        "rotation": {
            "S": 0.11543215811252594,
            "X": -0.7691777944564819,
            "Y": -0.012763530015945435,
            "Z": 0.6283931732177734
        },
        "source": {
            "pdb": "a",
            "transform": {
                "center": true
            }
        },
        "type": "RNA"
    },
    {
        "boundingSphere": {
            "W": 0.0020000000949949026,
            "X": 0,
            "Y": 0,
            "Z": 0
        },
        "color": {
            "X": 0.9705880284309387,
            "Y": 0.9705849885940552,
            "Z": 0.9705780148506165
        },
        "colorHCL": {
            "X": 77,
            "Y": 80,
            "Z": 93
        },
        "label": "Uracil",
        "name": "U",
        "path": "",
        "rotation": {
            "S": 0.9595499038696289,
            "X": -0.2572817802429199,
            "Y": -0.016764521598815918,
            "Z": 0.11308833956718445
        },
        "source": {
            "pdb": "u",
            "transform": {
                "center": true
            }
        },
        "type": "RNA"
    },
    {
        "boundingSphere": {
            "W": 0.0020000000949949026,
            "X": 0,
            "Y": 0,
            "Z": 0
        },
        "color": {
            "X": 0.9705880284309387,
            "Y": 0.9705849885940552,
            "Z": 0.9705780148506165
        },
        "colorHCL": {
            "X": 77,
            "Y": 80,
            "Z": 93
        },
        "label": "Cytosine",
        "name": "C",
        "path": "",
        "rotation": {
            "S": 0.9904559254646301,
            "X": 0.03305262327194214,
            "Y": 0.010389000177383423,
            "Z": -0.13340404629707336
        },
        "source": {
            "pdb": "c",
            "transform": {
                "center": true
            }
        },
        "type": "RNA"
    },
    {
        "boundingSphere": {
            "W": 0.0020000000949949026,
            "X": 0,
            "Y": 0,
            "Z": 0
        },
        "color": {
            "X": 0.9705880284309387,
            "Y": 0.9705849885940552,
            "Z": 0.9705780148506165
        },
        "colorHCL": {
            "X": 77,
            "Y": 80,
            "Z": 93
        },
        "label": "Guanine",
        "name": "G",
        "path": "",
        "rotation": {
            "S": 0.6561970710754395,
            "X": -0.629172682762146,
            "Y": 0.17260734736919403,
            "Z": 0.3791487514972687
        },
        "source": {
            "pdb": "g",
            "transform": {
                "center": true
            }
        },
        "type": "RNA"
    },
    {
        "boundingSphere": {
            "W": 0.0020000000949949026,
            "X": 0,
            "Y": 0,
            "Z": 0
        },
        "color": {
            "X": 0.9705880284309387,
            "Y": 0.9705849885940552,
            "Z": 0.9705780148506165
        },
        "colorHCL": {
            "X": 77,
            "Y": 80,
            "Z": 93
        },
        "label": "Sugar phosphate",
        "name": "P",
        "path": "",
        "rotation": {
            "S": 0.47983646392822266,
            "X": -0.3110394775867462,
            "Y": -0.6461070775985718,
            "Z": -0.505526602268219
        },
        "source": {
            "pdb": "p",
            "transform": {
                "center": true
            }
        },
        "type": "RNA"
    },
    {
        "boundingSphere": {
            "W": 0,
            "X": 0,
            "Y": 0,
            "Z": 0
        },
        "color": {
            "X": 0.4000000059604645,
            "Y": 1,
            "Z": 0.30000001192092896
        },
        "colorHCL": {
            "X": 121,
            "Y": 30,
            "Z": 90
        },
        "label": "C-terminal domain",
        "name": "CTD",
        "path": "",
        "rotation": {
            "S": 1,
            "X": 0,
            "Y": 0,
            "Z": 0
        },
        "source": {
            "pdb": "ctd",
            "transform": {
                "center": true
            }
        },
        "type": "Protein"
    },
    {
        "boundingSphere": {
            "W": 0.005028840154409409,
            "X": 0.001343879965133965,
            "Y": 0.0009119239985011518,
            "Z": 7.450580152834618e-09
        },
        "color": {
            "X": 0.30000001192092896,
            "Y": 1,
            "Z": 0.30000001192092896
        },
        "colorHCL": {
            "X": 123,
            "Y": 65,
            "Z": 70
        },
        "label": "N-terminal domain",
        "name": "NTD",
        "path": "",
        "rotation": {
            "S": 1,
            "X": 0,
            "Y": 0,
            "Z": 0
        },
        "source": {
            "pdb": "ntd",
            "transform": {
                "center": true
            }
        },
        "type": "Protein"
    },
    {
        "boundingSphere": {
            "W": 0.003000000724568963,
            "X": 0,
            "Y": -0.001405268907546997,
            "Z": 2.3014843463897705e-05
        },
        "color": {
            "X": 0.800000011920929,
            "Y": 0.4000000059604645,
            "Z": 1
        },
        "colorHCL": {
            "X": 176,
            "Y": 34,
            "Z": 80
        },
        "label": "Outer membrane (fluid lipid)",
        "name": "FLUID CUT SINGLE2",
        "path": "",
        "rotation": {
            "S": 1,
            "X": 0,
            "Y": 0,
            "Z": 0
        },
        "source": {
            "pdb": "fluid_cut_single2",
            "transform": {
                "center": true
            }
        },
        "type": "Lipid"
    },
    {
        "boundingSphere": {
            "W": 0.003000000724568963,
            "X": 0,
            "Y": -0.0016033779829740524,
            "Z": 0.00019176211208105087
        },
        "color": {
            "X": 0.800000011920929,
            "Y": 0.4000000059604645,
            "Z": 1
        },
        "colorHCL": {
            "X": 176,
            "Y": 34,
            "Z": 80
        },
        "label": "Outer membrane (crystal lipid)",
        "name": "CRYSTALL CUT SINGLE2",
        "path": "",
        "rotation": {
            "S": 1,
            "X": 0,
            "Y": 0,
            "Z": 0
        },
        "source": {
            "pdb": "crystall_cut_single2",
            "transform": {
                "center": true
            }
        },
        "type": "Lipid"
    },
    {
        "boundingSphere": {
            "W": 0.023199699819087982,
            "X": 0,
            "Y": 0,
            "Z": 0
        },
        "color": {
            "X": 0.009803949855268002,
            "Y": 1,
            "Z": 1
        },
        "colorHCL": {
            "X": 0,
            "Y": 0,
            "Z": 0
        },
        "label": "Spike point",
        "name": "S point",
        "path": "",
        "rotation": {
            "S": 1,
            "X": 0,
            "Y": 0,
            "Z": 0
        },
        "source": {
            "pdb": "spoint",
            "transform": {
                "center": true
            }
        },
        "type": "Protein"
    },
    {
        "boundingSphere": {
            "W": 0.05000000074505806,
            "X": 0,
            "Y": 0,
            "Z": 0
        },
        "color": {
            "X": 1,
            "Y": 0.4990200102329254,
            "Z": 0.32499998807907104
        },
        "colorHCL": {
            "X": 290,
            "Y": 64,
            "Z": 45
        },
        "label": "Spike protein (open)",
        "name": "SO",
        "path": "",
        "rotation": {
            "S": -4.76837158203125e-07,
            "X": -9.635289188736351e-07,
            "Y": 0.7123637199401855,
            "Z": 0.7018103003501892
        },
        "source": {
            "pdb": "so",
            "transform": {
                "center": true
            }
        },
        "type": "Protein"
    },
    {
        "boundingSphere": {
            "W": 0.027390500530600548,
            "X": 0.00036439328687265515,
            "Y": -0.002471935236826539,
            "Z": -0.00022776448167860508
        },
        "color": {
            "X": 0.30000001192092896,
            "Y": 0.4000000059604645,
            "Z": 0.800000011920929
        },
        "colorHCL": {
            "X": 335,
            "Y": 29,
            "Z": 87
        },
        "label": "Membrane protein",
        "name": "MD",
        "path": "",
        "rotation": {
            "S": -0.7014284133911133,
            "X": 0.08536101132631302,
            "Y": 0.08229673653841019,
            "Z": -0.7028065919876099
        },
        "source": {
            "pdb": "md",
            "transform": {
                "center": true
            }
        },
        "type": "Protein"
    },
    {
        "boundingSphere": {
            "W": 0,
            "X": 0,
            "Y": 0,
            "Z": 0
        },
        "color": {
            "X": 0.4000000059604645,
            "Y": 1,
            "Z": 0.30000001192092896
        },
        "colorHCL": {
            "X": 290,
            "Y": 66,
            "Z": 68
        },
        "label": "C-terminal domain",
        "name": "CTD",
        "path": "",
        "rotation": {
            "S": 1,
            "X": 0,
            "Y": 0,
            "Z": 0
        },
        "source": {
            "pdb": "ctd2",
            "transform": {
                "center": true
            }
        },
        "type": "Protein"
    },
    {
        "boundingSphere": {
            "W": 0.05000000074505806,
            "X": 0,
            "Y": 0,
            "Z": 0
        },
        "color": {
            "X": 0.9215689897537231,
            "Y": 0.22352899610996246,
            "Z": 0.23529399931430817
        },
        "colorHCL": {
            "X": 290,
            "Y": 70,
            "Z": 50
        },
        "label": "Spike protein (closed)",
        "name": "S closed",
        "path": "",
        "rotation": {
            "S": -0.4155316948890686,
            "X": 0.4209774136543274,
            "Y": 0.5938664674758911,
            "Z": 0.5453743934631348
        },
        "source": {
            "pdb": "sc",
            "transform": {
                "center": true
            }
        },
        "type": "Protein"
    },
    {
        "boundingSphere": {
            "W": 0.03999999910593033,
            "X": 0,
            "Y": 0,
            "Z": 0
        },
        "color": {
            "X": 0.8901960253715515,
            "Y": 0.8627449870109558,
            "Z": 0.035294100642204285
        },
        "colorHCL": {
            "X": 290,
            "Y": 69,
            "Z": 61
        },
        "label": "Spike protein (postfusion)",
        "name": "S postfusion",
        "path": "",
        "rotation": {
            "S": -0.7154136896133423,
            "X": 0.6987013816833496,
            "Y": 0,
            "Z": -5.91387333770399e-07
        },
        "source": {
            "pdb": "sp2",
            "transform": {
                "center": true
            }
        },
        "type": "Protein"
    },
    {
        "boundingSphere": {
            "W": 0.012918757274746895,
            "X": -0.0002697184681892395,
            "Y": -0.014324717223644257,
            "Z": 0
        },
        "color": {
            "X": 0.8901960253715515,
            "Y": 0.8627449870109558,
            "Z": 0.035294100642204285
        },
        "colorHCL": {
            "X": 0,
            "Y": 0,
            "Z": 0
        },
        "label": "Membrane protein",
        "name": "M",
        "path": "",
        "rotation": {
            "S": -0.47361117601394653,
            "X": -0.7914878726005554,
            "Y": -0.22495906054973602,
            "Z": 0.3140561580657959
        },
        "source": {
            "pdb": "m",
            "transform": {
                "center": true
            }
        },
        "type": "Protein"
    },
    {
        "boundingSphere": {
            "W": 0.005718769505620003,
            "X": -7.028910786743836e-11,
            "Y": -1.1158848151060496e-10,
            "Z": 0.0002985270693898201
        },
        "color": {
            "X": 0.8901960253715515,
            "Y": 0.8627449870109558,
            "Z": 0.035294100642204285
        },
        "colorHCL": {
            "X": 0,
            "Y": 0,
            "Z": 0
        },
        "label": "",
        "name": "GvpA_Halo",
        "path": "",
        "rotation": {
            "S": -0.36580443382263184,
            "X": 0.874283492565155,
            "Y": -0.2129545509815216,
            "Z": 0.23762528598308563
        },
        "source": {
            "pdb": "GvpA_Halo",
            "transform": {
                "center": true
            }
        },
        "type": "Protein"
    },
    {
        "boundingSphere": {
            "W": 0.005718769505620003,
            "X": -7.028910786743836e-11,
            "Y": -1.1158848151060496e-10,
            "Z": 0.0002985270693898201
        },
        "color": {
            "X": 0.8901960253715515,
            "Y": 0.8627449870109558,
            "Z": 0.035294100642204285
        },
        "colorHCL": {
            "X": 0,
            "Y": 0,
            "Z": 0
        },
        "label": "",
        "name": "GvpA_Pfeiffer",
        "path": "",
        "rotation": {
            "S": -0.9883176684379578,
            "X": 0.11199337244033813,
            "Y": -0.0034343628212809563,
            "Z": 0.10331364721059799
        },
        "source": {
            "pdb": "GvpA_Pfeiffer",
            "transform": {
                "center": true
            }
        },
        "type": "Protein"
    },
    {
        "boundingSphere": {
            "W": 0.0009187718969769776,
            "X": 2.132011104549747e-05,
            "Y": -5.2581948693841696e-05,
            "Z": 9.228074486600235e-05
        },
        "color": {
            "X": 0.8901960253715515,
            "Y": 0.8627449870109558,
            "Z": 0.035294100642204285
        },
        "colorHCL": {
            "X": 0,
            "Y": 0,
            "Z": 0
        },
        "label": "",
        "name": "Au",
        "path": "",
        "rotation": {
            "S": -0.9883176684379578,
            "X": 0.11199337244033813,
            "Y": -0.0034343628212809563,
            "Z": 0.10331364721059799
        },
        "source": {
            "pdb": "au",
            "transform": {
                "center": true
            }
        },
        "type": "Protein"
    },
    {
        "boundingSphere": {
            "W": 0.002718771807849407,
            "X": 0.0005740300402976573,
            "Y": 0.00012116708239773288,
            "Z": 0.0002985270693898201
        },
        "color": {
            "X": 0.49410000443458557,
            "Y": 0.8190000057220459,
            "Z": 0.28999999165534973
        },
        "colorHCL": {
            "X": 0,
            "Y": 0,
            "Z": 0
        },
        "label": "",
        "name": "HDT",
        "path": "",
        "rotation": {
            "S": -0.964321494102478,
            "X": 0.056190431118011475,
            "Y": -0.035433538258075714,
            "Z": 0.2562629282474518
        },
        "source": {
            "pdb": "hdt",
            "transform": {
                "center": true
            }
        },
        "type": "Protein"
    },
    {
        "boundingSphere": {
            "W": 0.005718769505620003,
            "X": -7.028910786743836e-11,
            "Y": -1.1158848151060496e-10,
            "Z": 0.0002985270693898201
        },
        "color": {
            "X": 0.40700000524520874,
            "Y": 0.5600000023841858,
            "Z": 0.7567999958992004
        },
        "colorHCL": {
            "X": 0,
            "Y": 0,
            "Z": 0
        },
        "label": "",
        "name": "SpyCatcher",
        "path": "",
        "rotation": {
            "S": -0.9883176684379578,
            "X": 0.11199337244033813,
            "Y": -0.0034343628212809563,
            "Z": 0.10331364721059799
        },
        "source": {
            "pdb": "spyCatcher",
            "transform": {
                "center": true
            }
        },
        "type": "Protein"
    },
    {
        "boundingSphere": {
            "W": 0,
            "X": 0,
            "Y": 0,
            "Z": 0
        },
        "color": {
            "X": 1,
            "Y": 0.10000000149011612,
            "Z": 0.10000000149011612
        },
        "colorHCL": {
            "X": 35,
            "Y": 77,
            "Z": 70
        },
        "label": "Immunoglobulin G",
        "name": "IGG",
        "path": "",
        "rotation": {
            "S": 1,
            "X": 0,
            "Y": 0,
            "Z": 0
        },
        "source": {
            "pdb": "igg",
            "transform": {
                "center": true
            }
        },
        "type": "Protein"
    },
    {
        "boundingSphere": {
            "W": 0,
            "X": 0,
            "Y": 0,
            "Z": 0
        },
        "color": {
            "X": 1,
            "Y": 0.4000000059604645,
            "Z": 0.4000000059604645
        },
        "colorHCL": {
            "X": 38,
            "Y": 70,
            "Z": 70
        },
        "label": "Immunoglobulin M",
        "name": "2RCJ",
        "path": "",
        "rotation": {
            "S": 1,
            "X": 0,
            "Y": 0,
            "Z": 0
        },
        "source": {
            "pdb": "2rcj",
            "transform": {
                "center": true
            }
        },
        "type": "Protein"
    },
    {
        "boundingSphere": {
            "W": 0,
            "X": 0,
            "Y": 0,
            "Z": 0
        },
        "color": {
            "X": 1,
            "Y": 0,
            "Z": 0
        },
        "colorHCL": {
            "X": 30,
            "Y": 70,
            "Z": 75
        },
        "label": "Hemoglobin",
        "name": "2HHB",
        "path": "",
        "rotation": {
            "S": 1,
            "X": 0,
            "Y": 0,
            "Z": 0
        },
        "source": {
            "pdb": "2hhb",
            "transform": {
                "center": true
            }
        },
        "type": "Protein"
    },
    {
        "boundingSphere": {
            "W": 0,
            "X": 0,
            "Y": 0,
            "Z": 0
        },
        "color": {
            "X": 1,
            "Y": 0.20000000298023224,
            "Z": 0.20000000298023224
        },
        "colorHCL": {
            "X": 33,
            "Y": 77,
            "Z": 70
        },
        "label": "Fibrinogen",
        "name": "3GHG_ABCDEFMNOP",
        "path": "",
        "rotation": {
            "S": 1,
            "X": 0,
            "Y": 0,
            "Z": 0
        },
        "source": {
            "pdb": "3ghg_ABCDEFMNOP",
            "transform": {
                "center": true
            }
        },
        "type": "Protein"
    },
    {
        "boundingSphere": {
            "W": 0,
            "X": 0,
            "Y": 0,
            "Z": 0
        },
        "color": {
            "X": 1,
            "Y": 0.10000000149011612,
            "Z": 0.10000000149011612
        },
        "colorHCL": {
            "X": 35,
            "Y": 77,
            "Z": 70
        },
        "label": "Heparin",
        "name": "3IRL",
        "path": "",
        "rotation": {
            "S": 1,
            "X": 0,
            "Y": 0,
            "Z": 0
        },
        "source": {
            "pdb": "3irl",
            "transform": {
                "center": true
            }
        },
        "type": "Protein"
    },
    {
        "boundingSphere": {
            "W": 0,
            "X": 0,
            "Y": 0,
            "Z": 0
        },
        "color": {
            "X": 1,
            "Y": 0.10000000149011612,
            "Z": 0.10000000149011612
        },
        "colorHCL": {
            "X": 35,
            "Y": 77,
            "Z": 70
        },
        "label": "Low-Density Lipoprotein",
        "name": "dLDL",
        "path": "",
        "rotation": {
            "S": 1,
            "X": 0,
            "Y": 0,
            "Z": 0
        },
        "source": {
            "pdb": "null",
            "transform": {
                "center": true
            }
        },
        "type": "Protein"
    },
    {
        "boundingSphere": {
            "W": 0,
            "X": 0,
            "Y": 0,
            "Z": 0
        },
        "color": {
            "X": 1,
            "Y": 0.20000000298023224,
            "Z": 0.20000000298023224
        },
        "colorHCL": {
            "X": 35,
            "Y": 77,
            "Z": 70
        },
        "label": "AntiTrypsin",
        "name": "1ATU",
        "path": "",
        "rotation": {
            "S": 1,
            "X": 0,
            "Y": 0,
            "Z": 0
        },
        "source": {
            "pdb": "1atu",
            "transform": {
                "center": true
            }
        },
        "type": "Protein"
    },
    {
        "boundingSphere": {
            "W": 0,
            "X": 0,
            "Y": 0,
            "Z": 0
        },
        "color": {
            "X": 1,
            "Y": 0.30000001192092896,
            "Z": 0.30000001192092896
        },
        "colorHCL": {
            "X": 35,
            "Y": 77,
            "Z": 70
        },
        "label": "Poliovirus",
        "name": "2PLV",
        "path": "",
        "rotation": {
            "S": 1,
            "X": 0,
            "Y": 0,
            "Z": 0
        },
        "source": {
            "pdb": "2plv",
            "transform": {
                "center": true
            }
        },
        "type": "Protein"
    },
    {
        "boundingSphere": {
            "W": 0,
            "X": 0,
            "Y": 0,
            "Z": 0
        },
        "color": {
            "X": 1,
            "Y": 0.4000000059604645,
            "Z": 0.4000000059604645
        },
        "colorHCL": {
            "X": 25,
            "Y": 77,
            "Z": 70
        },
        "label": "Thymidylate Synthase",
        "name": "2TSC",
        "path": "",
        "rotation": {
            "S": 1,
            "X": 0,
            "Y": 0,
            "Z": 0
        },
        "source": {
            "pdb": "2tsc",
            "transform": {
                "center": true
            }
        },
        "type": "Protein"
    },
    {
        "boundingSphere": {
            "W": 0,
            "X": 0,
            "Y": 0,
            "Z": 0
        },
        "color": {
            "X": 1,
            "Y": 0.20000000298023224,
            "Z": 0.20000000298023224
        },
        "colorHCL": {
            "X": 15,
            "Y": 77,
            "Z": 60
        },
        "label": "Albumin",
        "name": "1YSX",
        "path": "",
        "rotation": {
            "S": 1,
            "X": 0,
            "Y": 0,
            "Z": 0
        },
        "source": {
            "pdb": "1ysx",
            "transform": {
                "center": true
            }
        },
        "type": "RNA"
    },
    {
        "boundingSphere": {
            "W": 0,
            "X": 0,
            "Y": 0,
            "Z": 0
        },
        "color": {
            "X": 1,
            "Y": 0.10000000149011612,
            "Z": 0.10000000149011612
        },
        "colorHCL": {
            "X": 35,
            "Y": 77,
            "Z": 50
        },
        "label": "Albumin",
        "name": "Albumin2",
        "path": "",
        "rotation": {
            "S": 1,
            "X": 0,
            "Y": 0,
            "Z": 0
        },
        "source": {
            "pdb": "1e7i",
            "transform": {
                "center": true
            }
        },
        "type": "Protein"
    },
    {
        "boundingSphere": {
            "W": 0,
            "X": 0,
            "Y": 0,
            "Z": 0
        },
        "color": {
            "X": 1,
            "Y": 0.10000000149011612,
            "Z": 0.10000000149011612
        },
        "colorHCL": {
            "X": 35,
            "Y": 77,
            "Z": 70
        },
        "label": "Ceruloplasmin",
        "name": "1KCW",
        "path": "",
        "rotation": {
            "S": 1,
            "X": 0,
            "Y": 0,
            "Z": 0
        },
        "source": {
            "pdb": "1kcw",
            "transform": {
                "center": true
            }
        },
        "type": "Protein"
    },
    {
        "boundingSphere": {
            "W": 0,
            "X": 0,
            "Y": 0,
            "Z": 0
        },
        "color": {
            "X": 1,
            "Y": 0.30000001192092896,
            "Z": 0.30000001192092896
        },
        "colorHCL": {
            "X": 35,
            "Y": 69,
            "Z": 40
        },
        "label": "Low-Density Lipoprotein",
        "name": "iLDL",
        "path": "",
        "rotation": {
            "S": 1,
            "X": 0,
            "Y": 0,
            "Z": 0
        },
        "source": {
            "pdb": "null",
            "transform": {
                "center": true
            }
        },
        "type": "Lipid"
    },
    {
        "boundingSphere": {
            "W": 0,
            "X": 0,
            "Y": 0,
            "Z": 0
        },
        "color": {
            "X": 1,
            "Y": 0.4000000059604645,
            "Z": 0.4000000059604645
        },
        "colorHCL": {
            "X": 35,
            "Y": 77,
            "Z": 70
        },
        "label": "Immunoglobulin A",
        "name": "IGG_DIM",
        "path": "",
        "rotation": {
            "S": 1,
            "X": 0,
            "Y": 0,
            "Z": 0
        },
        "source": {
            "pdb": "igg_dim",
            "transform": {
                "center": true
            }
        },
        "type": "Lipid"
    },
    {
        "boundingSphere": {
            "W": 0,
            "X": 0,
            "Y": 0,
            "Z": 0
        },
        "color": {
            "X": 1,
            "Y": 0.20000000298023224,
            "Z": 0.20000000298023224
        },
        "colorHCL": {
            "X": 35,
            "Y": 77,
            "Z": 70
        },
        "label": "Insulin",
        "name": "2HIU",
        "path": "",
        "rotation": {
            "S": 1,
            "X": 0,
            "Y": 0,
            "Z": 0
        },
        "source": {
            "pdb": "2hiu",
            "transform": {
                "center": true
            }
        },
        "type": "Protein"
    },
    {
        "boundingSphere": {
            "W": 0,
            "X": 0,
            "Y": 0,
            "Z": 0
        },
        "color": {
            "X": 1,
            "Y": 0.10000000149011612,
            "Z": 0.10000000149011612
        },
        "colorHCL": {
            "X": 35,
            "Y": 77,
            "Z": 10
        },
        "label": "Factor H",
        "name": "3GAU",
        "path": "",
        "rotation": {
            "S": 1,
            "X": 0,
            "Y": 0,
            "Z": 0
        },
        "source": {
            "pdb": "3gau",
            "transform": {
                "center": true
            }
        },
        "type": "Protein"
    },
    {
        "boundingSphere": {
            "W": 0,
            "X": 0,
            "Y": 0,
            "Z": 0
        },
        "color": {
            "X": 1,
            "Y": 0.20000000298023224,
            "Z": 0.20000000298023224
        },
        "colorHCL": {
            "X": 35,
            "Y": 77,
            "Z": 70
        },
        "label": "Transferrin",
        "name": "1LFG",
        "path": "",
        "rotation": {
            "S": 1,
            "X": 0,
            "Y": 0,
            "Z": 0
        },
        "source": {
            "pdb": "1lfg",
            "transform": {
                "center": true
            }
        },
        "type": "Protein"
    },
    {
        "boundingSphere": {
            "W": 0,
            "X": 0,
            "Y": 0,
            "Z": 0
        },
        "color": {
            "X": 1,
            "Y": 0.20000000298023224,
            "Z": 0.20000000298023224
        },
        "colorHCL": {
            "X": 35,
            "Y": 77,
            "Z": 70
        },
        "label": "Alpha-amylase",
        "name": "1SMD",
        "path": "",
        "rotation": {
            "S": 1,
            "X": 0,
            "Y": 0,
            "Z": 0
        },
        "source": {
            "pdb": "1smd",
            "transform": {
                "center": true
            }
        },
        "type": "Protein"
    },
    {
        "boundingSphere": {
            "W": 0,
            "X": 0,
            "Y": 0,
            "Z": 0
        },
        "color": {
            "X": 1,
            "Y": 0,
            "Z": 0
        },
        "colorHCL": {
            "X": 35,
            "Y": 90,
            "Z": 50
        },
        "label": "Aspartate Aminotransferase",
        "name": "1AAT",
        "path": "",
        "rotation": {
            "S": 1,
            "X": 0,
            "Y": 0,
            "Z": 0
        },
        "source": {
            "pdb": "7aat",
            "transform": {
                "center": true
            }
        },
        "type": "Protein"
    },
    {
        "boundingSphere": {
            "W": 0,
            "X": 0,
            "Y": 0,
            "Z": 0
        },
        "color": {
            "X": 1,
            "Y": 0,
            "Z": 0
        },
        "colorHCL": {
            "X": 35,
            "Y": 90,
            "Z": 50
        },
        "label": "MS2 Capsid Protein",
        "name": "1AQ3",
        "path": "",
        "rotation": {
            "S": 1,
            "X": 0,
            "Y": 0,
            "Z": 0
        },
        "source": {
            "pdb": "1aq3_clean",
            "transform": {
                "center": true
            }
        },
        "type": "Protein"
    },
    {
        "boundingSphere": {
            "W": 0,
            "X": 0,
            "Y": 0,
            "Z": 0
        },
        "color": {
            "X": 1,
            "Y": 0,
            "Z": 0
        },
        "colorHCL": {
            "X": 0,
            "Y": 0,
            "Z": 0
        },
        "label": "",
        "name": "4PFE_nanobody",
        "path": "",
        "rotation": {
            "S": 1,
            "X": 0,
            "Y": 0,
            "Z": 0
        },
        "source": {
            "pdb": "4PFE_nanobody",
            "transform": {
                "center": true
            }
        },
        "type": "Protein"
    },
    {
        "boundingSphere": {
            "W": 0,
            "X": 0,
            "Y": 0,
            "Z": 0
        },
        "color": {
            "X": 1,
            "Y": 0,
            "Z": 0
        },
        "colorHCL": {
            "X": 35,
            "Y": 90,
            "Z": 50
        },
        "label": "",
        "name": "PS_II",
        "path": "",
        "rotation": {
            "S": 0.48617029190063477,
            "X": 0.5000648498535156,
            "Y": 0.5138293504714966,
            "Z": 0.49955272674560547
        },
        "source": {
            "pdb": "PS_II",
            "transform": {
                "center": true
            }
        },
        "type": "Protein"
    },
    {
        "boundingSphere": {
            "W": 0,
            "X": 0,
            "Y": 0,
            "Z": 0
        },
        "color": {
            "X": 1,
            "Y": 0,
            "Z": 0
        },
        "colorHCL": {
            "X": 35,
            "Y": 90,
            "Z": 50
        },
        "label": "",
        "name": "NADPH",
        "path": "",
        "rotation": {
            "S": 1,
            "X": 0,
            "Y": 0,
            "Z": 0
        },
        "source": {
            "pdb": "NADPH",
            "transform": {
                "center": true
            }
        },
        "type": "Protein"
    },
    {
        "boundingSphere": {
            "W": 0,
            "X": 0,
            "Y": 0,
            "Z": 0
        },
        "color": {
            "X": 1,
            "Y": 0,
            "Z": 0
        },
        "colorHCL": {
            "X": 35,
            "Y": 90,
            "Z": 50
        },
        "label": "",
        "name": "NADP+",
        "path": "",
        "rotation": {
            "S": 1,
            "X": 0,
            "Y": 0,
            "Z": 0
        },
        "source": {
            "pdb": "NADP+",
            "transform": {
                "center": true
            }
        },
        "type": "Protein"
    },
    {
        "boundingSphere": {
            "W": 0,
            "X": 0,
            "Y": 0,
            "Z": 0
        },
        "color": {
            "X": 1,
            "Y": 0,
            "Z": 0
        },
        "colorHCL": {
            "X": 35,
            "Y": 90,
            "Z": 50
        },
        "label": "",
        "name": "Pc",
        "path": "",
        "rotation": {
            "S": 1,
            "X": 0,
            "Y": 0,
            "Z": 0
        },
        "source": {
            "pdb": "Pc",
            "transform": {
                "center": true
            }
        },
        "type": "Protein"
    }
]
