<?xml version="1.0" encoding="UTF-8" ?>
<grammar xmlns="http://www.w3.org/2001/06/grammar" version="1.0" xml:lang="en-US" root="rootRule">
	<!-- The first way to load a grammer is by specifying a grammer.xml file according to the https://www.w3.org/TR/speech-grammar/ standard. -->
	<!-- See https://docs.microsoft.com/en-us/previous-versions/office/developer/speech-technologies/hh361658(v=office.14) for an example -->
	<rule id="rootRule">
		<one-of>
			<item>Reverse Direction</item>
			<item>Exit Program</item>
		</one-of>
	</rule>
</grammar>